playerID,inducted,R,H,2B,3B,HR,RBI,SB,CS,BB,SO,IBB,SH,SF,GIDP,AVG,PO,A,E,DP,award_count
aaronha01,Y,2174,3771,624,98,755,2297,240,73,1402,1383,293,21,121,328,0.304998382400518,7436,429,144,218,16
abbotji01,N,0,2,0,0,0,3,0,0,0,10,0,3,0,0,0.0952380952380952,72,300,9,16,2
adamsba01,N,79,216,31,15,3,75,1,1,53,194,0,35,0,0,0.211972522080471,58,648,17,17,2
ageeto01,N,558,999,170,27,130,433,167,81,342,918,26,21,15,99,0.255368098159509,2371,53,61,18,3
akerja01,N,3,7,2,0,0,4,0,0,1,51,0,10,0,1,0.0760869565217391,65,167,8,20,1
alexape01,Y,154,378,60,13,11,163,3,5,77,276,0,88,0,0,0.208839779005525,189,1419,25,50,21
allendi01,N,1099,1848,320,79,351,1119,133,52,894,1556,138,19,53,164,0.291850915982312,7658,1711,245,756,5
allenjo02,N,82,124,12,3,4,64,1,0,33,155,0,36,0,8,0.173184357541899,104,366,21,24,4
alleyge01,N,442,999,140,44,55,342,63,30,300,622,62,56,22,95,0.254392666157372,1879,3641,166,805,4
alomaro01,Y,1508,2724,504,80,210,1134,474,114,1032,1140,62,148,97,206,0.300231455968257,4463,6536,183,1411,21
alomasa02,N,520,1236,249,10,112,588,25,24,212,499,15,48,34,132,0.272847682119205,7667,464,86,72,3
aloufe01,N,985,2101,359,49,206,852,107,67,423,706,67,33,56,135,0.286278784575555,6537,322,96,330,1
alouma01,N,780,1777,236,50,31,427,156,80,311,377,38,55,29,101,0.306961478666436,3794,176,71,155,1
aloumo01,N,1109,2134,421,39,332,1287,106,37,737,894,91,9,82,195,0.30325422765383,3114,95,65,20,5
anderga01,N,1084,2529,522,36,287,1365,80,47,429,1224,104,13,87,197,0.292708333333333,4057,109,48,18,5
aparilu01,Y,1335,2677,394,92,83,791,506,136,736,742,22,161,76,184,0.261681329423265,4548,8016,366,1553,15
applilu01,N,1319,2749,440,102,45,1116,179,108,1302,528,0,74,0,129,0.310411020776874,4674,7543,672,1475,10
archeji01,N,246,660,106,34,16,296,36,6,124,283,0,93,0,0,0.249433106575964,3861,1012,142,112,9
aurilri01,N,745,1576,301,22,186,756,23,18,450,861,22,36,47,140,0.275476315329488,3079,3516,159,933,2
ausmubr01,N,718,1579,270,34,80,607,102,53,634,1034,69,82,37,201,0.251473164516643,12856,960,80,133,3
averiea01,Y,1224,2019,401,128,238,1164,70,57,774,518,0,55,0,7,0.317802612938769,3969,115,126,29,11
baergca01,N,731,1583,279,17,134,774,59,24,291,580,41,26,66,158,0.291046148189005,2634,3501,169,820,4
bagweje01,Y,1517,2314,488,32,449,1529,202,78,1401,1558,155,3,102,221,0.296780813133256,17546,1705,129,1618,11
bahnsst01,N,22,56,8,2,1,19,0,0,19,225,0,43,1,4,0.116910229645094,154,414,35,26,1
baineha01,N,1299,2866,488,49,384,1628,34,34,1062,1441,187,9,99,298,0.289261203068228,2031,69,47,17,4
bakerdu01,N,964,1981,320,23,242,1013,137,73,762,926,52,27,85,158,0.27834761837853,4073,136,59,54,5
bakerfr01,Y,887,1838,315,103,96,987,235,28,473,268,0,153,0,0,0.307152406417112,2154,3155,322,259,7
bancrda01,Y,1048,2004,320,77,32,591,145,75,827,487,0,212,0,0,0.279030910609858,4673,6604,666,1027,8
bandosa01,N,982,1790,289,38,242,1039,75,46,1031,923,69,65,57,149,0.253541076487252,1788,3743,231,362,2
bankser01,Y,1305,2583,407,90,512,1636,50,53,763,1236,198,45,96,229,0.274174716059866,14206,4355,261,1742,10
barryja01,N,532,1009,142,38,10,429,153,18,396,261,0,284,0,0,0.243367100820068,2226,3590,347,445,2
bartedi01,N,1130,2165,442,71,79,710,109,3,748,627,0,269,0,102,0.283785555118626,4425,6348,512,1183,2
baylodo01,N,1236,2135,366,28,338,1276,285,120,805,1069,91,16,115,196,0.260429373017809,2716,110,58,80,9
beckegl01,N,685,1473,196,31,22,360,49,25,260,243,3,58,27,114,0.282834101382488,2712,3719,179,758,4
beckro01,N,0,4,0,0,0,1,0,0,0,10,0,1,0,0,0.210526315789474,39,96,4,7,1
bedrost01,N,3,15,0,0,0,2,0,0,3,58,0,12,0,0,0.0980392156862745,64,122,10,11,3
belanma01,N,676,1316,175,33,20,389,167,75,576,839,22,155,45,83,0.227524204702628,3040,5831,211,1061,9
bellbu01,N,1151,2514,425,56,201,1106,55,79,836,776,84,60,80,255,0.279488604780434,2196,5009,262,448,10
belleal01,N,974,1726,389,21,381,1239,88,41,683,961,91,4,78,193,0.294891508628054,2642,91,66,18,11
bellge02,N,814,1702,308,34,265,1002,67,36,331,771,53,0,83,165,0.277968316184877,2294,84,88,11,8
bellja01,N,1123,1963,394,67,195,860,91,60,853,1443,25,159,58,165,0.265341984320086,3202,5609,220,1120,3
benchjo01,Y,1091,2048,381,24,389,1376,68,43,891,1278,135,11,90,201,0.267432750065291,10469,1191,151,238,26
bendech01,Y,102,243,40,10,6,116,20,0,75,143,0,42,0,0,0.211857018308631,237,814,59,27,3
benitar01,N,0,0,0,0,0,2,0,0,0,4,0,0,0,0,0,31,40,7,1,2
bentola01,N,54,122,12,2,2,42,1,0,30,181,0,52,0,2,0.165311653116531,93,469,22,33,2
bergewa01,N,809,1550,299,59,242,898,36,0,435,694,0,27,0,69,0.300213054425721,3430,91,91,28,5
berrayo01,Y,1175,2150,321,49,358,1430,30,26,704,414,49,9,44,146,0.28457974851092,9221,819,125,183,13
berryke01,N,422,1053,150,23,58,343,45,46,298,569,31,64,17,108,0.254593810444874,2722,85,30,15,2
bibbyji01,N,15,31,6,0,5,17,0,0,13,88,0,24,1,1,0.148325358851675,88,216,20,16,1
bicheda01,N,934,1906,401,27,274,1141,152,73,355,1078,32,5,73,176,0.298699263438333,2829,128,80,38,2
bigbeca01,N,629,1205,139,75,17,324,182,68,344,161,0,109,0,0,0.287452290076336,2375,241,97,47,2
biggicr01,Y,1844,3060,668,55,291,1175,414,124,1160,1753,68,101,81,150,0.281353438764252,7156,5671,201,1174,17
blackew01,N,31,77,12,1,1,22,0,0,12,73,0,28,0,8,0.173814898419865,46,311,19,20,3
blairpa01,N,776,1513,282,55,134,620,171,93,449,877,23,108,51,126,0.250413770274743,4347,115,57,27,10
bluegos01,N,883,1751,276,67,43,848,140,87,723,515,0,218,0,2,0.271894409937888,2278,3926,250,448,2
bluevi01,N,37,53,9,0,4,15,0,2,49,271,0,53,1,2,0.103515625,127,427,19,21,6
boddimi01,N,2,0,0,0,0,0,0,0,0,0,0,0,0,0,,245,366,32,37,3
boggswa01,Y,1513,3010,578,61,118,1014,24,35,1412,745,180,29,96,236,0.327886710239651,2115,4304,232,472,17
bondsba01,N,2227,2935,601,77,762,1996,514,141,2558,1539,688,4,91,165,0.298060322940997,5637,173,97,25,47
bondsbo01,N,1258,1886,302,66,332,1024,461,169,914,1757,75,16,64,107,0.267783614936817,3659,128,89,40,7
bondto01,N,213,471,53,11,0,174,5,1,22,63,0,0,0,7,0.238481012658228,336,928,138,32,1
bonilbo01,N,1084,2010,408,61,287,1173,45,57,912,1204,128,5,97,169,0.27866352419243,3045,1869,230,251,6
boonebo01,N,679,1838,303,26,105,826,38,50,663,608,90,142,78,191,0.253692201518288,11325,1185,183,155,8
boonebr01,N,927,1775,366,28,252,1021,94,53,552,1295,32,55,73,168,0.265599281759689,3445,4594,117,1085,8
bottoji01,Y,1177,2313,465,151,219,1422,58,15,664,591,0,177,0,33,0.309597108820774,18337,815,223,1562,4
boudrlo01,Y,861,1779,385,66,68,789,51,50,796,309,0,164,0,155,0.295073809918726,3265,4877,230,1205,11
bowala01,N,987,2191,262,99,15,525,318,105,474,569,45,151,43,121,0.260275599904966,3323,6864,211,1267,4
boyercl02,N,645,1396,200,33,162,654,41,28,470,931,74,37,53,136,0.241522491349481,1902,3810,198,443,1
boyerke01,N,1104,2143,318,68,282,1141,105,77,713,1017,97,17,63,185,0.287458081824279,2376,3737,274,417,14
brechha01,N,48,129,13,5,2,44,0,0,45,121,0,24,0,16,0.191679049034175,78,376,8,22,5
bresnro01,Y,682,1252,218,71,26,530,212,3,714,403,0,112,0,0,0.279401919214461,5138,1416,241,138,5
brettge01,Y,1583,3154,665,137,317,1596,201,97,1096,908,229,26,120,235,0.3047637452894,5503,3984,292,674,14
bridgto01,N,83,181,27,8,0,72,0,0,74,271,0,65,0,6,0.180458624127617,144,469,24,23,6
brocklo01,Y,1610,3023,486,141,149,900,938,307,761,1730,124,47,46,114,0.292586140147116,4394,142,196,29,7
brookhu01,N,656,1608,290,31,149,824,64,56,387,1005,62,12,65,163,0.269166387679946,1935,2031,196,287,2
brosisc01,N,544,1001,200,8,141,531,57,30,348,699,12,31,41,84,0.257392645924402,1219,1821,119,222,4
brownke01,N,20,64,10,0,2,29,0,0,19,187,0,54,2,2,0.129292929292929,388,562,49,37,2
brownmo01,Y,93,235,20,11,2,74,8,0,44,199,0,49,0,0,0.205599300087489,173,843,36,43,4
buhneja01,N,797,1273,233,19,310,965,6,24,792,1406,41,12,54,123,0.253939756632755,2537,100,33,28,1
bumbral01,N,778,1422,220,52,54,402,254,92,471,709,30,44,30,74,0.281416980011874,2975,68,44,10,2
bunniji01,Y,82,213,21,4,7,75,0,2,34,362,0,85,6,36,0.167058823529412,206,372,23,20,2
burdele01,N,101,185,27,4,12,75,2,0,32,271,0,63,6,14,0.182987141444115,245,622,27,55,2
burgesm01,N,485,1318,230,33,126,673,13,14,477,270,80,13,39,121,0.294788637888616,5214,441,71,63,1
burksel01,N,1253,2107,402,63,352,1206,181,84,793,1340,33,29,62,171,0.291344026548673,3435,81,60,13,5
burleri01,N,656,1401,256,23,50,449,72,68,420,477,11,84,46,138,0.272621132516054,2349,4109,189,893,4
burnsge01,N,1188,2077,362,108,41,611,383,139,872,565,0,112,0,0,0.286838834415136,3918,198,128,42,4
burroje01,N,720,1443,230,20,240,882,16,22,831,1135,65,4,63,148,0.260657514450867,2177,86,60,22,3
bushdo01,N,1281,1804,186,74,9,436,404,75,1158,513,0,337,0,0,0.250208044382802,4119,6286,704,597,4
bushjo01,N,128,313,59,17,7,137,4,4,53,192,0,24,0,0,0.252623083131558,213,839,34,50,2
butlebr01,N,1359,2375,277,131,54,578,558,257,1129,907,23,147,51,62,0.290342298288509,5296,122,41,32,2
cabreor01,N,985,2055,459,32,123,854,216,57,514,745,26,57,90,188,0.271753504363925,3023,5445,198,1186,2
callijo01,N,926,1757,321,89,226,840,74,51,650,1064,73,51,43,98,0.264131088394468,3349,175,57,34,1
camermi01,N,1064,1700,383,59,278,968,297,83,867,1901,19,31,60,114,0.248574352975581,4954,76,71,21,3
camildo01,N,936,1482,261,86,239,950,60,0,947,961,0,24,0,80,0.27685410050439,13724,957,141,1189,5
caminke01,N,894,1710,348,17,239,983,88,39,727,1163,112,14,67,152,0.271946564885496,1491,3141,255,299,6
camniho01,N,42,92,6,1,1,32,1,0,37,204,0,53,0,0,0.13589364844904,63,486,31,8,1
campabe01,N,1181,2249,313,86,79,646,649,199,618,1142,15,199,60,106,0.258982035928144,3789,6323,388,1215,3
camparo01,Y,627,1161,178,18,242,856,25,15,533,501,30,30,18,143,0.276099881093936,6520,550,85,82,10
campbbi02,N,2,4,0,0,0,2,0,1,4,10,0,0,0,1,0.153846153846154,119,172,13,11,4
cansejo01,N,1186,1877,340,14,462,1407,200,88,906,1942,63,1,81,178,0.265977044069718,2003,63,62,19,11
cardele01,N,662,1725,285,49,118,689,39,48,522,1135,122,97,48,174,0.257193976442523,3271,5429,266,1050,2
carewro01,Y,1424,3053,445,112,92,1015,353,187,1018,1028,144,128,64,216,0.327750939345142,13510,3709,260,1796,14
careyma01,Y,1545,2665,419,159,70,800,738,92,1040,695,0,290,0,0,0.284630994339421,6363,339,235,86,5
carltst01,Y,123,346,49,6,13,140,2,2,41,413,0,94,13,33,0.201279813845259,109,724,42,36,17
carpech01,N,18,52,8,0,2,21,0,1,12,144,0,47,1,5,0.118451025056948,185,251,10,32,3
carribi02,N,194,506,67,14,6,235,37,2,206,147,0,79,0,0,0.256852791878173,3093,863,116,74,3
carrocl02,N,17,27,0,0,1,7,0,0,7,65,0,30,0,3,0.129807692307692,60,310,11,24,1
cartega01,Y,1025,2092,371,31,324,1225,39,42,848,997,106,33,99,180,0.262451386275248,12490,1247,128,191,17
cartejo01,N,1170,2184,432,53,396,1445,231,66,527,1387,86,10,105,132,0.259320826407029,5890,281,118,221,4
casanpa01,N,214,627,87,12,50,252,2,10,101,430,25,10,24,78,0.22505384063173,4040,395,69,65,1
caseyse01,N,690,1531,322,12,130,735,18,8,477,577,69,0,39,156,0.302210817212791,10875,558,53,947,1
cashno01,N,1046,1820,241,41,377,1103,43,30,1043,1091,112,17,55,139,0.271439224459359,15173,1317,131,1347,2
castilu01,N,1001,1889,194,59,28,443,370,142,800,850,13,123,26,120,0.290168970814132,3287,4484,124,1051,3
castivi02,N,902,1884,349,28,320,1105,33,43,423,1069,64,8,71,224,0.276165347405453,1389,3632,174,426,6
cavarph01,N,990,1977,347,99,95,920,65,0,820,598,0,89,1,103,0.292715427894581,12435,844,149,1022,5
cedence01,N,1084,2087,436,60,199,976,550,179,664,938,83,32,71,167,0.285499316005472,5984,195,91,179,9
cepedor01,Y,1131,2351,417,27,379,1365,142,80,588,1169,154,4,74,218,0.296581304402674,14829,1030,177,1195,7
ceyro01,N,977,1868,328,21,316,1139,24,29,1012,1235,117,26,82,185,0.260820999720748,1555,4019,224,318,3
chambch01,N,912,2109,392,42,185,972,40,35,632,926,99,19,56,166,0.278562937524766,17771,1351,130,1687,3
chancfr01,Y,798,1274,200,79,20,596,403,0,556,320,0,111,0,0,0.296347987904164,10545,819,185,486,2
chandsp01,N,53,110,18,2,9,45,0,1,20,154,0,33,0,9,0.200729927007299,106,385,10,28,7
chapmra01,N,671,1053,162,81,17,364,233,47,452,414,0,334,0,0,0.278203434610304,2358,3182,358,367,3
chaseha01,N,980,2158,322,124,57,941,363,15,276,580,0,216,0,0,0.290953215585816,18346,1131,423,945,9
clarkfr01,Y,1622,2678,361,220,67,1015,509,0,875,511,0,225,0,0,0.311975768872321,4812,266,266,43,6
clarkja01,N,1118,1826,332,39,340,1180,77,61,1262,1441,127,9,83,174,0.266686139915291,7127,456,105,500,4
clarkjo01,Y,254,432,73,26,24,232,31,0,81,382,0,4,0,0,0.218844984802432,239,1151,178,45,1
clarkwi02,N,1186,2176,440,47,284,1205,67,48,937,1190,155,13,101,100,0.303359821553046,16695,1294,136,1571,7
clemero01,Y,1416,3000,440,166,240,1305,83,46,621,1230,167,36,66,275,0.317325999576899,4697,269,142,42,21
clemero02,N,5,31,6,0,0,12,0,0,13,61,0,18,1,3,0.173184357541899,320,575,25,31,22
cobbty01,Y,2247,4189,724,295,117,1944,896,178,1249,608,0,292,0,0,0.366299405386499,6507,410,278,113,31
cochrmi01,Y,1041,1652,333,64,119,832,64,46,857,217,0,151,0,0,0.319597601083382,6414,840,111,104,28
colavro01,N,971,1730,283,21,374,1159,19,27,951,880,58,16,60,182,0.266031062586499,3407,124,74,31,1
colemvi01,N,849,1425,176,89,28,346,752,177,477,960,12,48,24,45,0.263596004439512,2452,109,68,17,1
collied01,Y,1821,3315,438,187,47,1300,741,173,1499,400,0,512,0,0,0.333199316514223,6621,7716,452,1223,29
combsea01,Y,1186,1866,309,154,58,632,96,71,670,278,0,74,0,0,0.324747650539506,3449,69,95,23,1
conceda01,N,993,2326,389,48,101,950,321,109,736,1186,93,74,86,266,0.26665138140548,4245,7024,326,1390,11
coneda01,N,28,64,9,0,0,22,0,1,16,91,0,38,1,8,0.155339805825243,220,271,28,17,3
coninje01,N,870,1982,385,36,214,1071,54,29,671,1168,46,9,103,182,0.284892913612189,8866,742,98,796,1
coombja01,N,123,261,34,10,4,100,21,2,59,154,0,23,0,0,0.235135135135135,258,516,25,25,3
coopece01,N,1012,2192,415,47,241,1125,89,49,448,911,79,46,79,150,0.298271873724316,13361,1000,121,1348,10
coopemo01,N,50,127,16,0,6,68,0,0,23,118,0,43,0,14,0.194189602446483,50,270,16,20,11
coopewa01,N,573,1341,240,40,173,812,18,1,309,357,3,44,1,160,0.285197788175245,5166,589,138,80,6
coopewi01,N,111,293,34,17,6,106,12,9,47,140,0,38,0,0,0.23879380603097,102,785,42,27,5
covelst01,Y,70,168,26,10,1,81,0,1,53,304,0,72,0,0,0.158790170132325,174,851,29,45,3
cramedo01,N,1357,2705,396,109,37,842,62,73,572,345,0,180,0,99,0.295951859956236,5413,174,118,38,2
crandde01,N,585,1276,179,18,179,657,26,28,424,477,95,68,42,162,0.253879824910466,7449,766,90,125,7
cravaga01,N,575,1134,232,83,119,719,89,9,561,578,0,105,0,0,0.287015945330296,1681,176,111,28,2
crawfsa01,Y,1391,2961,458,309,97,1519,366,30,760,512,0,241,0,0,0.309404388714734,5102,359,176,117,5
crigelo01,N,337,709,86,50,11,342,58,0,309,225,0,85,0,0,0.221424109931293,4456,1348,179,110,1
cronijo01,Y,1233,2285,515,118,170,1424,87,71,1059,700,0,166,0,57,0.30149096186832,4303,6052,510,1241,20
crowdal01,N,66,164,18,5,0,59,0,1,37,77,0,44,0,0,0.193624557260921,56,387,7,22,5
cruzjo01,N,1036,2251,391,94,165,1077,317,136,898,1031,142,27,82,119,0.284324870531767,4413,126,120,31,3
cuccito01,N,730,1729,334,46,94,884,42,3,579,497,0,96,0,121,0.279592496765847,3292,4737,264,899,1
cuellmi01,N,37,76,8,4,7,33,0,0,9,304,0,43,2,5,0.114977307110439,108,453,30,33,3
cuyleki01,Y,1305,2299,394,157,128,1065,328,27,676,752,0,176,0,53,0.321044546850998,4034,191,121,44,9
damonjo01,N,1668,2769,522,109,235,1139,408,103,1003,1257,38,57,71,93,0.284408381265407,4732,79,57,21,1
danniha01,N,363,847,162,26,57,397,13,0,187,217,0,22,0,94,0.285089195557051,3259,455,57,64,5
darkal01,N,1064,2089,358,72,126,757,59,27,430,534,20,95,31,134,0.289375259731265,3174,4854,342,1012,4
darliro01,N,39,76,21,2,2,21,1,0,15,175,0,65,1,2,0.144486692015209,177,391,37,37,1
daubeja01,N,1117,2326,250,165,56,722,251,78,623,489,0,392,0,0,0.303140883617881,19634,1128,181,1199,13
daultda01,N,511,891,197,25,137,588,50,10,629,726,58,12,41,35,0.245454545454545,5835,469,74,95,2
davalvi01,N,510,1122,160,37,36,329,125,58,212,422,29,32,25,43,0.279312920089619,2389,82,36,45,1
daviscu01,N,70,165,17,0,11,81,1,0,28,176,0,63,0,19,0.202952029520295,146,616,21,39,2
daviser01,N,938,1430,239,26,282,934,349,66,740,1398,59,3,50,112,0.268746476226273,3104,60,50,13,9
davisma01,N,16,26,3,4,1,9,1,1,8,54,0,24,0,0,0.155688622754491,29,151,16,10,5
davisto02,N,811,2121,272,35,153,1052,136,59,381,754,66,35,68,219,0.293645299736951,2429,326,102,72,3
dawsoan01,Y,1373,2774,503,98,438,1591,314,109,589,1509,143,24,118,217,0.279439911352876,5158,157,93,30,20
deandi01,Y,76,161,23,4,8,76,5,0,9,104,0,39,0,12,0.224546722454672,76,283,15,15,14
decindo01,N,778,1505,312,29,237,879,58,48,618,904,57,22,64,176,0.259080736787743,1483,3344,206,370,2
delgaca01,N,1241,2038,483,18,473,1512,14,8,1109,1745,186,0,93,152,0.279829740491556,15236,1067,131,1496,8
dempsri01,N,525,1093,223,12,96,471,20,19,592,736,13,63,42,131,0.232949701619778,7402,771,100,114,2
dennyjo01,N,44,97,9,2,0,29,9,5,19,164,0,63,3,4,0.170175438596491,179,451,32,46,3
dentbu01,N,451,1114,169,23,40,423,17,29,328,349,9,121,49,79,0.246897163120567,2122,4335,156,840,2
derripa01,N,70,220,30,3,2,102,0,0,16,219,0,77,0,27,0.174603174603175,153,656,26,30,9
dickebi01,Y,930,1969,343,72,202,1209,37,29,678,289,0,51,0,49,0.312539682539683,7965,954,108,137,20
dimagdo01,N,1046,1680,308,57,87,618,100,62,750,571,0,57,0,107,0.297872340425532,3859,147,89,32,2
dimagjo01,Y,1390,2214,389,131,361,1537,30,9,790,369,0,14,0,130,0.324585837853687,4529,153,105,30,36
dobyla01,Y,960,1515,243,52,253,970,47,36,871,1011,19,20,25,97,0.283283470456245,3640,93,64,30,1
doerrbo01,Y,1094,2042,381,89,223,1247,54,64,809,608,0,115,0,182,0.287889468490061,4928,5710,214,1507,8
donlimi01,N,669,1282,176,97,51,543,213,0,312,311,0,96,0,0,0.332641411520498,2416,165,176,60,3
donovbi01,N,142,251,30,11,7,95,36,0,77,321,0,55,0,0,0.192780337941628,385,684,65,29,1
dooinre01,N,333,961,139,31,10,344,133,2,155,328,0,92,0,0,0.24000999000999,5535,1597,322,123,2
doylela01,N,960,1887,299,123,74,793,298,27,625,378,0,195,0,0,0.289906283607313,3635,4655,443,694,3
drabedo01,N,42,119,17,3,2,46,0,1,17,207,0,66,2,5,0.166201117318436,266,342,29,20,3
drewjd01,N,944,1437,273,48,242,795,87,37,862,1137,52,19,44,84,0.277788517301372,2845,70,49,17,2
dropowa01,N,478,1113,168,22,152,704,5,6,328,582,12,22,23,166,0.26988360814743,9173,674,84,969,3
drysddo01,Y,96,218,26,7,29,113,0,2,60,370,0,69,6,34,0.186484174508127,188,686,59,55,4
duffyhu01,Y,1554,2293,325,119,106,1302,574,0,664,268,0,104,0,0,0.325525269733106,3449,346,247,53,1
duganjo01,N,665,1516,277,46,42,571,37,28,250,419,0,177,0,0,0.280221811460259,1906,3007,276,338,5
dunstsh01,N,736,1597,292,62,150,668,212,82,203,1000,44,56,49,98,0.269444913109499,2722,3808,215,729,1
dyeje01,N,984,1779,363,25,325,1072,46,26,597,1308,40,2,65,184,0.274240789270849,3273,97,65,30,5
dykesji01,N,1108,2256,453,90,108,1071,70,55,958,850,0,228,0,0,0.280387770320656,4901,5139,429,731,1
dykstle01,N,802,1298,281,43,81,404,285,72,640,503,50,25,27,39,0.284711559552533,3108,58,41,18,2
earnsge01,N,61,162,29,4,3,70,1,0,20,125,0,44,0,5,0.230113636363636,71,371,30,17,6
eckerde01,Y,9,24,3,0,3,12,0,0,9,84,0,5,1,1,0.132596685082873,208,365,31,20,9
eckstda01,N,701,1414,232,20,35,392,123,45,376,418,3,106,39,88,0.280499900813331,1905,3390,98,778,2
edmonji01,N,1251,1949,437,25,393,1199,67,50,998,1729,91,10,65,122,0.284193642461359,4930,160,58,68,11
edwarjo01,N,430,1106,202,32,81,524,15,23,465,635,118,31,43,77,0.241642997596679,8925,703,82,105,3
ehmkeho01,N,71,210,38,6,0,73,5,1,26,111,0,53,0,0,0.20812685827552,143,853,44,35,1
elliobo01,N,1064,2061,382,94,170,1195,60,2,967,604,0,66,0,187,0.288615039910377,2519,2790,261,259,8
ennisde01,N,985,2063,358,69,288,1284,45,19,597,719,23,20,38,212,0.284394816652881,3629,150,121,27,1
erstada01,N,913,1697,316,33,124,699,179,58,475,939,46,36,43,87,0.281706507304117,6963,370,33,448,5
evansda01,N,1344,2223,329,36,414,1354,98,68,1605,1410,141,34,90,133,0.247743229689067,7964,3929,329,846,1
evansdw01,N,1470,2446,483,73,385,1384,78,59,1391,1697,60,52,77,227,0.271898621609604,5450,228,78,153,13
eversjo01,Y,919,1659,216,70,12,538,324,8,778,293,0,256,0,0,0.270327521590354,3806,5215,447,692,7
faberre01,Y,98,170,21,2,3,70,7,0,169,479,0,104,0,0,0.133963750985028,130,1108,71,33,2
facero01,N,9,31,3,0,0,7,0,0,2,47,0,18,0,3,0.15979381443299,104,212,14,15,1
falkecy01,N,49,117,11,4,1,47,7,0,39,254,0,43,0,0,0.151750972762646,100,727,52,26,1
fellebo01,Y,99,193,28,13,8,99,1,2,100,505,0,100,0,15,0.150546021840874,146,510,25,28,18
fernato01,N,1057,2276,414,92,94,844,246,138,690,784,48,67,61,161,0.28770066995323,3214,5544,196,1089,5
ferrewe01,N,175,329,57,12,38,208,2,0,129,185,0,40,0,0,0.279761904761905,153,533,17,31,10
fieldce01,N,744,1313,200,7,319,1008,2,6,693,1316,76,0,46,169,0.254605390731045,7382,694,70,742,6
fingero01,Y,10,31,3,0,2,9,0,0,3,45,0,18,0,2,0.172222222222222,108,253,14,23,11
finlech01,N,3,3,1,0,0,1,0,0,0,26,0,6,0,1,0.0566037735849057,122,325,46,25,2
finlest01,N,1443,2548,449,124,304,1167,320,118,844,1299,69,91,75,152,0.271150367138448,5664,134,72,38,5
fisheed02,N,11,30,5,1,0,8,0,0,10,97,0,19,0,6,0.121951219512195,107,262,17,17,1
fiskca01,Y,1276,2356,421,47,376,1330,128,58,849,1386,105,26,79,204,0.269072635906807,11612,1075,165,167,10
fitzsfr01,N,112,231,35,7,14,103,0,0,36,177,0,58,0,15,0.2,237,942,28,79,1
flanami01,N,0,0,0,0,0,0,0,0,0,0,0,0,0,0,,89,430,11,26,3
floodcu01,N,851,1861,271,44,85,636,88,73,444,609,22,72,33,117,0.292748151643857,4023,114,54,28,8
fonsele01,N,518,1075,203,50,31,485,64,36,186,199,0,111,0,0,0.315804935370153,4799,1459,109,507,1
fordwh01,Y,91,177,19,0,3,69,3,2,113,224,0,65,4,10,0.173020527859238,173,630,33,49,10
forscbo01,N,77,190,45,8,12,84,3,1,27,249,0,115,5,14,0.212765957446809,234,405,18,35,2
fostege01,N,986,1925,307,47,348,1239,51,31,666,1419,106,3,68,196,0.274099387726043,3809,119,62,28,9
foxne01,Y,1279,2663,355,112,35,790,76,80,719,216,24,208,48,175,0.288453206239168,6102,6385,209,1621,9
foxxji01,Y,1751,2646,458,125,534,1922,87,72,1452,1311,0,71,0,69,0.325301204819277,17797,1562,192,1553,22
francjo01,N,2,3,0,0,0,1,0,0,0,14,0,3,0,0,0.0882352941176471,63,234,11,13,6
freehbi01,N,706,1591,241,35,200,758,24,21,626,753,67,38,48,138,0.261979252428783,11235,813,81,196,9
fregoji01,N,844,1726,264,78,151,706,76,40,715,1097,48,79,53,125,0.264602176912464,3805,4555,291,974,3
friscfr01,Y,1532,2880,466,138,105,1244,419,74,728,272,0,229,0,55,0.316066725197542,4918,7170,371,1174,15
frymatr01,N,895,1776,345,40,223,1022,72,38,602,1369,19,15,78,154,0.27403178521833,1393,3582,179,460,5
furilca01,N,895,1910,324,56,192,1058,48,26,514,436,28,59,24,207,0.299466917529006,3322,151,74,34,3
gaettga01,N,1130,2280,443,39,360,1341,96,65,634,1602,57,32,104,236,0.254720143000782,2607,4623,237,548,6
gagneer01,N,5,12,2,1,1,3,0,1,1,25,0,12,0,2,0.13953488372093,38,64,1,4,6
galaran01,N,1195,2333,444,32,399,1425,128,81,583,2003,106,1,58,179,0.288166996047431,18244,1376,176,1648,4
gantro01,N,1080,1651,302,50,321,1008,243,102,770,1411,38,12,57,98,0.256008683516824,3203,642,114,124,2
garcino01,N,927,1747,370,52,229,936,95,31,403,554,54,5,63,129,0.312746151092016,3422,3211,171,765,5
garvest01,N,1143,2599,440,43,272,1308,83,62,479,1003,113,33,90,251,0.29417091114884,19004,1434,130,1531,15
gehrich01,N,1774,2839,574,146,184,1427,181,89,1186,372,0,141,0,27,0.320428893905192,5446,7091,310,1447,24
gehrilo01,Y,1888,2721,534,163,493,1995,102,101,1508,790,0,106,0,2,0.340082489688789,19525,1087,196,1575,25
geronce01,N,460,977,161,50,51,392,82,40,354,746,83,39,25,68,0.258465608465608,2901,81,35,18,4
gibsobo01,Y,132,274,44,5,24,144,13,10,63,415,0,72,18,13,0.206325301204819,291,484,42,46,19
gibsoki01,N,985,1553,260,54,255,870,284,78,718,1285,72,23,56,72,0.26785098309762,2523,41,63,12,3
giustda01,N,29,77,10,2,4,46,0,0,23,99,0,27,0,5,0.186893203883495,134,264,15,11,1
glaustr01,N,889,1375,293,10,320,950,56,29,854,1377,40,0,45,138,0.254158964879852,1922,2577,180,362,5
glavito02,Y,93,246,25,2,1,90,1,0,101,329,0,216,3,14,0.1859410430839,262,856,26,67,14
gomezle01,Y,59,133,11,0,0,58,1,1,50,252,0,68,0,5,0.14712389380531,56,393,20,20,11
gonzaju03,N,1061,1936,388,25,434,1404,26,19,457,1273,74,2,78,184,0.295302013422819,2595,91,46,19,12
gonzalu01,N,1412,2591,596,68,354,1439,128,87,1155,1218,150,10,98,212,0.282952932183029,4520,120,64,19,3
goodedw01,N,60,145,15,5,8,67,1,1,14,135,0,85,6,13,0.195681511470985,224,423,34,35,6
gordojo01,Y,914,1530,264,52,253,975,89,60,759,702,0,41,0,159,0.26809181706676,3826,4726,264,1196,21
gordoto01,N,0,0,0,0,0,0,0,0,0,0,0,0,0,0,0,185,268,20,23,2
gosligo01,Y,1483,2735,500,173,248,1609,175,89,949,585,0,162,0,0,0.315965804066543,4805,225,210,47,4
gossari01,Y,1,9,1,0,0,2,0,0,4,37,0,4,0,2,0.105882352941176,78,180,21,11,3
gowdyha01,N,270,738,124,27,21,322,59,7,311,247,0,67,0,0,0.269835466179159,3577,1024,117,110,1
gracema01,N,1179,2445,511,45,173,1146,70,48,1075,642,114,17,99,192,0.303161810291383,18503,1665,110,1533,4
grantmu01,N,80,135,25,2,6,65,2,1,37,214,0,48,7,14,0.177865612648221,162,376,19,40,2
greenha01,Y,1051,1628,379,71,331,1276,58,26,852,844,0,35,0,66,0.313498940881956,11023,741,122,974,12
greenmi01,N,657,1400,275,38,130,726,80,43,460,364,79,3,41,136,0.302833657797967,2094,85,43,15,2
greensh01,N,1129,2003,445,35,328,1070,162,52,744,1315,80,3,53,175,0.282829709121717,4373,152,54,122,3
grichbo01,N,1033,1833,320,47,224,864,104,83,1087,1278,50,107,50,157,0.266037735849057,4882,5891,189,1428,8
griffke01,N,1129,2143,364,77,152,859,200,83,719,898,51,31,55,106,0.296444874809794,4578,199,89,143,2
griffke02,Y,1662,2781,524,38,630,1836,184,69,1312,1779,246,8,102,199,0.283746556473829,5607,154,89,43,29
grimebu01,Y,157,380,62,11,2,168,15,4,69,241,0,76,0,1,0.247557003257329,225,1252,71,74,11
grimmch01,N,908,2299,394,108,79,1078,57,44,578,410,0,219,0,30,0.290387773146394,20722,1217,163,1733,2
grissma02,N,1187,2251,386,56,227,967,429,116,553,1240,44,38,62,171,0.27202416918429,4880,98,61,23,5
groatdi01,N,829,2138,352,67,39,707,14,27,490,512,39,122,52,220,0.285676109032603,3526,5864,376,1241,5
grohhe01,N,918,1774,308,87,26,566,180,66,696,345,0,182,0,0,0.292064537372407,2172,3568,223,408,8
gromest01,N,58,124,9,2,0,40,2,0,71,146,0,40,0,13,0.196825396825397,126,248,13,20,1
grovele01,N,119,202,27,5,15,121,1,1,105,593,0,103,0,1,0.147552958363769,65,722,38,26,26
grudzma01,N,946,2040,391,36,90,640,133,52,364,954,24,40,42,174,0.289279636982416,2945,4975,185,1097,1
guerrpe01,N,730,1618,267,29,215,898,97,47,609,862,115,9,73,122,0.300074183976261,6007,1093,165,407,4
guerrvl01,Y,1328,2590,477,46,449,1496,181,94,737,985,250,0,64,277,0.317596566523605,3169,126,125,32,15
guidrro01,N,4,0,0,0,0,0,0,0,0,0,0,0,0,0,,107,307,8,19,13
guilloz01,N,773,1764,275,69,28,619,169,108,239,511,25,141,60,114,0.263834878851331,2935,5375,222,1098,2
gwynnto01,Y,1383,3141,543,85,135,1138,319,125,790,434,203,45,85,259,0.338178294573643,4512,160,62,26,21
hackst01,N,1239,2193,363,81,57,642,165,0,1092,466,0,115,0,78,0.301319043693322,2311,3527,251,298,6
haddiha01,N,95,169,37,9,4,64,4,0,46,162,0,20,5,15,0.211779448621554,115,358,21,24,3
hafeych01,Y,777,1466,341,67,164,833,70,7,372,477,0,83,0,28,0.316972972972973,2527,106,80,23,4
haineje01,Y,76,209,23,2,3,79,2,0,30,246,0,59,0,1,0.185943060498221,108,651,27,32,2
hallabi01,N,43,90,14,1,2,32,1,0,36,199,0,46,0,8,0.161579892280072,67,330,32,19,2
hamptmi01,N,97,178,22,5,16,79,3,4,47,195,0,63,5,12,0.24551724137931,144,476,27,42,9
hardeme01,N,89,199,38,5,4,93,2,0,39,369,0,69,0,11,0.165419783873649,209,734,45,38,2
hargrmi01,N,783,1614,266,28,80,686,24,37,965,550,75,44,67,154,0.290079079798706,11603,1027,123,1043,1
harrato01,N,1115,1954,307,40,195,918,238,94,1153,868,51,76,72,155,0.263982707376385,2530,4965,279,765,1
harrebu01,N,539,1120,136,45,7,267,127,60,633,653,31,94,23,53,0.236087689713322,2502,4112,209,788,2
hartnga01,Y,867,1912,396,64,236,1179,28,7,703,697,0,127,0,93,0.29726368159204,7577,1270,143,188,16
heilmha01,Y,1291,2660,542,151,183,1539,113,64,856,550,0,277,0,0,0.341594965968923,7199,503,199,253,2
helmsto01,N,414,1342,223,21,34,477,33,40,231,301,60,48,42,126,0.268561136682009,2909,3624,130,859,4
henderi01,Y,2295,3055,510,66,297,1115,1406,335,2190,1694,61,30,67,172,0.278715445671015,6468,131,141,23,9
hendrge01,N,941,1980,343,27,267,1111,59,47,567,1013,77,21,86,211,0.277738813297798,4758,207,65,117,4
henketo01,N,0,0,0,0,0,0,0,0,0,0,0,0,0,0,0,43,67,2,4,1
henrito01,N,901,1297,269,73,183,795,37,19,712,383,0,60,0,62,0.281772756897675,3518,178,56,205,5
hentgpa01,N,4,9,0,0,0,0,0,0,4,25,0,9,0,2,0.107142857142857,131,237,14,22,3
hermabi01,Y,1163,2345,486,82,47,839,67,0,737,428,0,171,0,191,0.304268846503179,5084,5823,365,1202,9
hernake01,N,1124,2182,426,60,162,1071,98,63,1070,1012,130,10,71,161,0.29606512890095,17916,1682,115,1654,20
hernali01,N,64,215,38,2,10,85,0,0,10,130,0,123,3,34,0.220966084275437,211,601,15,65,3
hernawi01,N,4,13,2,0,0,3,2,0,1,29,0,6,0,0,0.206349206349206,58,169,4,12,4
hershor01,N,65,163,29,2,0,50,8,3,27,182,0,101,6,7,0.201234567901235,332,569,51,44,10
herzobu01,N,705,1370,191,75,20,445,320,53,427,331,0,216,0,0,0.259273277819833,2804,3949,407,508,2
higgipi01,N,930,1941,374,51,140,1075,61,59,800,590,0,96,0,112,0.29249547920434,1849,3259,356,288,5
hillejo01,N,2,11,1,0,0,4,0,0,3,34,0,4,0,1,0.108910891089109,45,136,8,5,2
hislela01,N,652,1146,193,32,166,674,128,61,462,941,37,32,42,95,0.272532699167658,2213,70,52,8,2
hodgegi01,N,1105,1921,295,48,370,1274,63,31,943,1137,31,56,50,165,0.27325746799431,15722,1365,145,1632,5
hoffmtr01,Y,1,4,2,0,0,5,0,0,0,11,0,2,0,0,0.117647058823529,66,83,4,5,8
holmeto01,N,698,1507,292,47,88,581,40,0,480,122,0,69,0,96,0.301883012820513,2823,115,33,37,4
holtzke01,N,35,99,19,1,2,34,0,0,17,170,0,40,1,11,0.163097199341021,117,471,26,27,1
hoopeha01,Y,1429,2466,389,160,75,817,375,121,1136,492,0,247,0,0,0.280705748434832,3981,344,151,81,1
hootobu01,N,42,92,18,0,4,49,0,1,44,243,0,117,2,6,0.122994652406417,165,373,16,21,1
hornebo01,N,560,1047,169,8,218,685,14,18,369,512,39,1,50,111,0.277204130262113,3641,1440,117,418,1
hornsro01,Y,1579,2930,541,169,301,1584,135,64,1038,679,0,216,0,3,0.358497491741099,4495,6842,500,1127,27
hortowi01,N,873,1993,284,40,325,1163,20,38,620,1313,95,17,59,195,0.273088517402028,1921,60,58,8,2
houttar01,N,37,99,12,1,2,37,2,1,14,77,0,38,1,15,0.192982456140351,105,339,17,28,1
howarel01,N,619,1471,218,50,167,762,9,14,373,786,82,29,52,157,0.274286779787432,7572,541,68,160,7
howarfr01,N,864,1774,245,35,382,1119,8,9,782,1460,135,7,43,219,0.273427866831073,4412,277,104,213,4
hoytwa01,Y,96,255,26,11,0,100,0,1,40,161,0,91,0,10,0.198135198135198,153,842,35,41,3
hraboal01,N,4,8,0,1,0,6,0,0,4,17,0,8,0,0,0.142857142857143,20,58,8,4,1
hrbekke01,N,903,1749,312,18,293,1086,37,26,838,798,110,15,66,165,0.282461240310078,13725,1051,87,1331,1
hubbeca01,Y,95,246,30,2,4,101,1,0,33,172,0,75,0,12,0.190993788819876,155,824,33,55,22
hudsoor01,N,648,1319,256,66,93,542,85,28,483,825,21,33,42,138,0.273367875647668,2652,3860,92,847,4
huffau01,N,806,1699,360,24,242,904,37,25,571,907,80,0,63,160,0.278342070773263,5159,921,85,459,1
hundlra01,N,311,813,118,13,82,381,12,17,271,565,41,44,27,92,0.236199883788495,5765,493,61,65,1
hunteca01,Y,60,149,16,3,6,51,2,0,8,160,0,39,5,10,0.22644376899696,225,319,23,16,3
huntro01,N,745,1429,223,23,39,370,65,55,555,382,22,103,22,100,0.272970391595033,2822,3807,185,713,1
jacksda02,N,28,54,12,2,0,28,0,2,10,219,0,54,1,2,0.126168224299065,105,285,30,17,2
jacksjo01,N,873,1772,307,168,54,785,202,61,519,172,0,131,0,0,0.355751857056816,2646,198,107,48,11
jacksre01,Y,1551,2584,463,49,563,1702,228,115,1375,2597,164,13,68,183,0.261962692619627,4062,133,142,31,13
jackstr01,Y,833,1768,291,86,135,929,71,13,412,565,0,171,0,39,0.290502793296089,3174,5178,423,857,12
jenkife01,Y,54,148,27,6,13,85,0,1,41,326,0,66,7,9,0.165178571428571,363,660,49,45,5
jenseja01,N,810,1463,259,45,199,929,143,55,750,546,28,18,52,185,0.279411764705882,2739,124,68,20,3
johnsbo01,N,1239,2051,396,95,288,1283,96,64,1075,851,0,28,0,102,0.296387283236994,4416,352,163,102,1
johnsch04,N,465,940,211,4,167,570,6,10,475,997,29,18,31,112,0.245046923879041,7218,568,51,107,4
johnsda02,N,564,1252,242,18,136,609,33,25,559,675,57,26,43,126,0.260996456118407,3862,3339,142,860,5
johnsde01,N,706,1447,247,33,245,923,11,18,585,1318,54,13,61,164,0.243561689951187,7038,974,104,629,1
johnsho01,N,760,1229,247,22,228,760,231,77,692,1053,105,9,57,61,0.248785425101215,1276,2147,217,252,3
johnsra05,Y,20,78,14,0,1,40,0,0,19,296,0,44,1,10,0.1248,90,448,57,18,13
johnswa01,Y,241,547,94,41,24,255,13,4,110,339,0,70,0,0,0.235370051635112,292,1352,53,72,33
johnto01,N,43,141,13,0,5,54,0,0,33,211,0,93,3,20,0.156666666666667,237,1028,49,69,3
jonesan01,N,1204,1933,383,36,434,1289,152,59,891,1748,69,6,71,192,0.254375575733649,4986,125,50,35,15
jonesch06,Y,1619,2726,549,38,468,1623,150,46,1512,1409,177,3,97,253,0.303428317008014,1771,3581,243,308,6
jonescl01,N,565,1196,183,33,93,524,91,48,360,702,42,26,41,108,0.280553600750645,2280,83,51,22,1
jonesdo01,N,0,1,0,0,0,0,0,0,1,4,0,0,0,0,0.142857142857143,60,152,21,14,1
jonesra01,N,37,79,8,0,0,20,1,1,22,235,0,66,2,3,0.131886477462437,114,465,18,30,4
jonesto02,N,1,4,1,0,0,0,0,0,1,6,0,0,0,1,0.210526315789474,70,112,8,6,2
jorgemi01,N,429,833,132,13,95,426,58,44,532,589,51,31,25,64,0.243496053785443,6983,546,54,602,1
jossad01,Y,46,118,21,6,1,51,10,0,54,297,0,39,0,0,0.144430844553244,185,848,36,24,1
judgejo01,N,1184,2352,433,159,71,1034,213,92,965,478,0,257,0,3,0.297796910610281,19265,1301,142,1500,1
jurgebi01,N,721,1613,245,55,43,656,36,0,568,530,0,141,0,195,0.257956181033104,3369,5446,333,982,1
justida01,N,929,1571,280,24,305,1017,53,46,903,999,85,1,54,101,0.279288888888889,2684,110,62,55,6
kaatji01,N,117,232,44,5,16,106,5,1,63,367,1,34,7,14,0.185451638689049,262,744,56,65,19
kalinal01,Y,1622,3007,498,75,399,1583,137,65,1277,1020,131,45,104,271,0.297251878212732,5938,235,82,126,20
kammwi01,N,802,1643,348,85,29,826,126,84,824,405,0,238,0,0,0.280806699709451,2151,3345,185,299,4
karroer01,N,797,1724,324,11,284,1027,59,30,552,1167,21,0,76,181,0.267660301195467,14056,1359,111,1257,3
keefeti01,Y,248,390,60,38,12,134,13,0,175,411,0,0,0,0,0.187229956793087,297,1079,174,31,1
kellech01,N,725,1085,166,72,189,760,45,23,784,499,0,20,0,50,0.286279683377309,2235,46,46,6,3
kellge01,Y,881,2054,385,50,78,870,51,36,621,287,7,149,20,188,0.30647567890182,2390,3326,168,360,13
kellyge01,Y,819,1778,337,76,148,1020,65,43,386,694,0,158,0,0,0.296679459369264,14690,1376,152,1197,5
keltnke01,N,737,1570,308,69,163,852,39,33,514,480,0,102,0,144,0.276262537392222,1577,3070,171,306,3
kennete02,N,474,1313,244,12,113,628,6,15,365,855,86,22,39,125,0.263707571801567,6754,638,108,103,1
kentje01,N,1320,2461,560,47,377,1518,94,60,801,1522,61,10,103,224,0.289597552365262,4816,5918,236,1362,8
kessido01,N,899,1931,254,80,14,527,100,85,684,759,69,132,40,132,0.25238530910992,3292,6453,350,1215,6
keyji01,N,0,0,0,0,0,0,0,0,0,2,0,1,0,0,0,172,452,22,35,5
killebi01,N,237,751,86,21,4,240,39,8,113,159,0,102,0,0,0.238412698412698,4833,1319,148,129,4
killeha01,Y,1283,2086,290,24,573,1584,19,18,1559,1699,160,0,77,243,0.256045170001227,8849,1963,215,767,8
kindeel01,N,34,63,7,1,1,33,0,1,23,123,0,29,0,10,0.141891891891892,52,174,9,11,2
kinerra01,Y,971,1451,216,39,369,1015,22,2,1011,749,1,9,7,126,0.278770413064361,3431,109,91,73,10
kingmda01,N,901,1575,240,25,442,1210,85,49,608,1816,72,16,75,139,0.235884379212221,5835,693,174,408,2
kleinch01,Y,1168,2076,398,74,300,1201,79,0,601,521,0,69,0,55,0.320074005550416,3250,194,135,39,11
klingjo01,N,475,1154,181,61,20,515,124,0,281,327,0,106,0,0,0.271785209609044,5577,1564,217,132,4
kluszte01,N,848,1766,290,29,279,1028,20,10,492,365,70,3,23,143,0.297857986169674,12652,799,97,1269,3
knighra01,N,490,1311,266,27,84,595,14,25,343,579,43,22,61,169,0.271484779457445,3669,1858,131,421,3
knoblch01,N,1132,1839,322,64,98,615,407,117,804,730,22,20,56,116,0.288878416588124,2852,3844,125,840,6
koufasa01,Y,26,75,9,0,2,28,0,1,43,386,0,35,3,10,0.0966494845360825,64,228,14,13,22
kremera01,N,57,122,30,2,5,69,0,0,37,213,0,36,0,0,0.177583697234352,37,331,10,12,3
kressre01,N,691,1454,298,58,89,799,47,56,474,453,0,97,0,18,0.285826616866522,3987,2945,343,748,1
kuennha01,N,951,2092,356,56,87,671,68,56,594,404,39,44,52,143,0.302618255460726,3028,2345,191,468,2
lajoina01,Y,1504,3243,657,163,82,1599,380,21,516,321,0,221,0,0,0.338164754953076,8520,6691,518,1211,5
langsma01,N,5,14,3,0,0,5,0,0,2,38,0,5,1,0,0.152173913043478,127,493,39,33,7
lansfca01,N,1007,2074,332,40,151,874,224,104,553,719,45,53,77,166,0.28974573903325,2098,2847,153,311,3
larkiba01,Y,1329,2340,441,76,198,960,379,77,939,817,66,59,67,178,0.294821721053295,3154,5864,235,1093,24
larsedo01,N,65,144,25,5,14,72,0,3,43,138,0,11,3,15,0.241610738255034,95,244,17,22,2
lasorto01,Y,0,1,0,0,0,0,0,0,0,4,0,0,0,1,0.0714285714285714,3,10,1,0,1
lavagco01,N,487,945,183,37,40,486,63,0,485,244,0,33,0,86,0.269307495012824,1364,1940,197,237,1
lawve01,N,96,191,35,7,11,90,1,0,41,179,0,63,7,24,0.216308040770102,213,453,19,41,4
lazzeto01,Y,986,1840,334,115,178,1191,148,79,869,864,0,116,0,8,0.292202636175957,3688,4944,314,873,4
leachto01,N,1355,2143,266,172,63,810,361,14,820,666,0,240,0,0,0.269254931524061,4008,2460,459,168,3
leeca01,N,1125,2273,469,19,358,1363,125,47,655,984,60,3,98,206,0.284730051359138,4987,294,63,195,3
leede02,N,1081,1959,432,30,331,1078,104,48,874,1622,72,2,55,199,0.28138465958058,14910,1367,98,1442,4
leiteal01,N,15,45,7,1,0,16,0,0,35,290,0,48,0,10,0.0849056603773585,57,286,14,25,3
lemonbo01,Y,148,274,54,9,37,147,2,1,93,241,0,49,3,9,0.231614539306847,298,713,33,80,9
leonade01,N,0,0,0,0,0,0,0,0,0,0,0,0,0,0,,135,292,24,28,1
leonadu02,N,53,177,18,4,0,69,1,0,20,183,0,85,0,27,0.167931688804554,174,719,32,41,2
leonaje01,N,614,1342,223,37,144,723,163,61,342,1000,41,8,58,146,0.266005946481665,2191,81,62,24,1
lidgebr01,N,0,2,1,0,0,2,0,0,0,4,0,0,0,0,0.285714285714286,23,48,5,4,3
lindsfr01,Y,895,1747,301,81,103,779,84,10,334,276,0,146,0,35,0.311352700053466,2177,1628,136,150,4
loberha01,N,640,1252,159,82,32,482,316,15,395,302,0,231,0,0,0.274380889765505,1775,2192,247,159,2
loducpa01,N,483,1112,222,8,80,481,20,19,266,295,23,42,44,138,0.285714285714286,6879,532,75,112,1
loftoke01,N,1528,2428,383,116,130,781,622,160,945,1016,43,72,65,111,0.299014778325123,4856,142,79,35,4
lolicmi01,N,63,90,5,2,0,31,1,1,105,362,0,85,1,20,0.109622411693057,100,448,38,16,2
lombaer01,Y,601,1792,277,27,190,990,8,0,430,262,0,18,0,261,0.306063193851409,5694,845,143,107,4
lonboji01,N,41,105,17,2,3,43,1,2,51,330,0,78,2,10,0.136363636363636,189,268,22,18,3
lopesda01,N,1023,1671,232,50,155,614,557,114,833,852,38,74,48,126,0.262983947119924,3558,3931,177,822,3
lopezal01,Y,613,1547,206,43,51,652,46,1,556,538,0,121,0,137,0.261494252873563,6654,1126,123,140,3
lopezja01,N,674,1527,267,19,260,864,8,19,357,969,43,6,45,172,0.287084038353074,8991,631,73,78,3
lowelmi01,N,771,1619,394,7,223,952,30,14,548,817,45,1,84,170,0.278513676242904,1468,2725,104,340,3
lucasre01,N,155,404,61,13,3,190,2,0,124,133,0,41,0,14,0.280750521195274,125,550,16,39,2
luquedo01,N,96,237,31,10,5,90,7,4,70,114,0,65,0,1,0.227229146692234,188,787,43,36,2
luzingr01,N,880,1795,344,24,307,1128,37,31,845,1495,95,1,79,147,0.275941583397387,2120,105,57,26,4
lylesp01,N,8,15,2,0,0,4,1,0,5,26,0,5,0,0,0.192307692307692,54,198,21,12,2
lynnfr01,N,1063,1960,388,43,306,1111,72,54,857,1116,77,25,86,149,0.283032490974729,4556,114,55,33,12
lyonste01,Y,162,364,49,9,5,149,0,1,73,201,0,83,0,9,0.232885476647473,219,943,51,57,8
maddoga01,N,777,1802,337,62,117,754,248,92,323,781,60,25,60,99,0.284631179908387,4449,94,78,21,9
maddugr01,Y,103,272,35,2,5,84,11,3,34,419,0,180,2,15,0.170961659333752,546,1194,53,98,31
madlobi01,N,920,2008,348,34,163,860,174,90,605,510,121,36,69,190,0.304519259933273,1694,3025,222,313,2
mageesh01,N,1112,2169,425,166,83,1176,441,12,736,624,0,260,0,0,0.291493078887246,5135,433,168,115,4
maglisa01,N,29,76,5,1,2,29,1,0,20,180,0,57,2,13,0.134991119005329,96,280,10,26,1
mantlmi01,Y,1677,2415,344,72,536,1509,153,38,1733,1710,126,14,47,113,0.298074549493952,6734,290,107,201,15
manushe01,Y,1287,2524,491,160,110,1183,114,58,506,345,0,186,0,11,0.329762215834858,3842,105,83,26,5
maranra01,Y,1255,2605,380,177,28,884,291,93,839,756,0,300,0,21,0.258483826155983,6413,8967,711,1495,7
maricju01,Y,73,202,29,2,4,75,2,5,38,269,0,71,7,20,0.165438165438165,291,577,47,27,5
marioma01,N,602,1448,272,37,36,624,35,2,470,537,0,151,0,120,0.262985833636033,2987,4829,252,978,12
marisro01,N,826,1325,195,42,275,851,21,9,652,733,42,12,43,75,0.25975298960988,2649,76,49,15,8
marquru01,Y,63,198,17,3,1,64,6,1,33,208,0,48,0,0,0.178861788617886,63,697,39,27,1
marshmi01,N,11,35,1,0,1,16,0,0,17,33,0,18,2,2,0.195530726256983,105,283,15,25,5
martibi02,N,425,877,137,28,64,333,34,29,188,355,8,55,23,96,0.256507750804329,2022,2252,109,613,1
martied01,N,1219,2247,514,15,309,1261,49,30,1283,1202,113,10,77,190,0.311520865104672,566,1025,81,107,10
martipe01,N,754,1227,270,75,59,501,146,0,369,438,0,22,0,44,0.298032547971824,1692,775,124,58,3
martipe02,Y,22,43,6,2,0,18,0,0,15,190,0,63,3,5,0.0990783410138249,155,263,23,11,12
martiti02,N,1009,1925,365,21,339,1271,27,20,780,1069,102,14,80,191,0.270707354802419,15001,1159,80,1398,2
mathech01,Y,151,362,50,12,7,165,20,1,116,218,0,69,0,0,0.214582098399526,313,1506,57,44,15
matheed01,Y,1509,2315,354,72,512,1453,68,39,1444,1487,107,36,58,123,0.271172543047909,2966,4385,313,444,4
matlajo01,N,32,57,3,0,0,23,0,0,57,217,0,41,1,7,0.129251700680272,68,346,21,14,2
matsuhi01,N,656,1253,249,12,175,760,13,9,547,689,35,0,46,106,0.282080144079244,1326,41,24,11,1
matthga01,N,1083,2011,319,51,234,978,183,74,940,1125,46,19,62,179,0.281376801455156,3226,135,112,17,2
mattido01,N,1007,2153,442,20,222,1099,14,9,588,444,136,13,96,191,0.307439668713409,14270,1121,68,1504,22
maxvida01,N,302,748,79,24,6,252,7,11,370,538,49,54,23,94,0.217252396166134,1974,3684,153,714,1
maybejo01,N,733,1379,211,19,255,879,20,17,881,810,106,10,53,108,0.253166880851845,13169,827,88,1307,2
mayle01,N,959,2031,340,31,354,1244,39,35,487,1570,85,9,65,219,0.266920751741359,13029,900,90,1236,1
maysca01,N,113,291,32,21,5,110,1,1,66,116,0,44,0,0,0.268202764976959,174,1138,44,56,3
mayswi01,Y,2062,3283,523,140,660,1903,338,103,1464,1526,192,13,91,251,0.301718592041173,7752,233,156,121,32
mazerbi01,Y,769,2016,294,62,138,853,27,23,447,706,110,87,70,194,0.259961315280464,4976,6694,204,1706,13
mcbriba01,N,548,1153,167,55,63,430,183,63,248,457,28,22,39,64,0.299247339735271,2163,59,25,12,1
mccarti01,N,590,1501,242,57,97,645,61,49,548,422,119,35,64,99,0.271477663230241,8893,625,103,128,1
mccorfr01,N,722,1711,334,26,128,951,27,0,399,189,0,58,0,176,0.298969072164948,13803,1003,79,1221,6
mccovwi01,Y,1229,2211,353,46,521,1555,26,22,1345,1550,260,5,70,176,0.269732829083811,17567,1236,256,1407,10
mcdanli01,N,19,56,11,0,3,17,0,0,8,159,0,25,0,4,0.148148148148148,127,447,22,28,2
mcdougi01,N,697,1291,187,51,112,576,45,44,559,623,8,97,27,93,0.276090675791275,2352,3373,149,815,3
mcdowja01,N,0,0,0,0,0,0,0,0,0,0,0,0,0,0,,139,245,13,12,4
mcdowsa01,N,34,119,7,2,2,36,0,1,16,306,0,56,4,6,0.15374677002584,80,328,33,23,2
mcgeewi01,N,1010,2254,350,94,79,856,352,121,448,1238,58,30,46,157,0.294679043012158,4295,136,108,29,7
mcgratu01,N,14,39,7,0,1,18,0,0,10,57,0,21,1,2,0.182242990654206,75,219,23,16,1
mcgrifr01,N,1349,2490,441,24,493,1550,72,38,1305,1882,171,2,71,226,0.284343953408702,18985,1447,167,1775,7
mcgwima01,N,1167,1626,252,6,583,1414,12,8,1317,1596,150,3,78,147,0.262809115888153,14464,1073,112,1409,9
mcinnst01,N,872,2405,312,101,20,1063,172,59,380,196,0,383,0,0,0.307466121196625,20120,1409,194,1328,5
mclaide01,N,32,82,5,2,1,31,1,0,25,244,0,64,4,10,0.133116883116883,154,212,13,15,8
mcmilro01,N,739,1639,253,35,68,594,41,36,665,711,47,140,39,163,0.242742890995261,3722,6233,292,1311,3
mcnalda01,N,49,97,23,0,9,43,0,0,58,340,0,58,1,4,0.132694938440492,97,417,21,37,1
mcraeha01,N,940,2091,484,66,191,1097,109,78,648,779,69,28,85,186,0.289692435577722,887,84,41,18,4
medwijo01,Y,1198,2471,540,113,205,1383,42,0,437,551,0,44,0,203,0.323641126391618,4152,143,86,36,22
mesajo01,N,1,0,0,0,0,0,0,0,1,1,0,1,0,0,0,112,197,17,11,2
messean01,N,49,124,30,0,5,54,1,0,46,212,0,46,4,6,0.170096021947874,136,318,41,15,3
millafe01,N,699,1617,229,38,22,403,67,43,318,242,40,121,32,146,0.279226385771024,3498,3846,151,856,2
minosmi01,N,1136,1963,336,83,186,1023,205,130,814,584,23,68,57,185,0.298373613011096,3416,331,112,36,5
mitchke01,N,630,1173,224,25,234,760,30,31,491,719,87,2,42,89,0.283744557329463,1676,566,86,62,5
mizejo01,Y,1118,2011,367,83,359,1337,28,1,856,524,0,20,0,99,0.312121682446065,14862,1033,133,1320,13
molitpa01,Y,1782,3319,605,114,234,1307,504,131,1094,1244,100,75,109,209,0.306322104291647,3506,3241,208,664,13
mondera01,N,909,1589,319,49,271,860,229,92,475,1130,50,2,37,93,0.273305813553492,2932,112,76,23,3
montawi01,N,645,1604,279,25,139,802,32,42,465,751,103,10,65,162,0.274516515488619,10764,747,104,969,1
montgje01,N,0,0,0,0,0,0,0,0,0,1,0,0,0,0,0,86,103,6,9,2
moonwa01,N,737,1399,212,60,142,661,89,68,644,591,56,31,35,121,0.288870534792484,3133,174,68,133,2
moorejo02,N,809,1615,258,53,79,513,46,0,348,247,0,36,0,48,0.297586143357288,2501,116,68,17,1
morame01,N,794,1503,283,19,171,754,93,55,520,953,18,50,49,112,0.277203983769827,1787,2445,148,272,2
morgajo02,Y,1650,2517,449,96,268,1133,689,162,1865,1015,76,51,96,105,0.271316158240811,5758,6969,245,1505,17
morrija02,Y,4,0,0,0,0,0,0,0,0,0,0,0,0,0,0,387,413,29,36,5
moseswa01,N,1124,2138,435,110,89,679,174,81,821,457,0,55,0,58,0.290647090810223,4000,147,113,35,2
mostijo01,N,618,1054,209,82,23,376,176,105,415,336,0,104,0,0,0.300541773595666,2588,137,85,31,3
moyerja01,N,24,51,5,0,0,15,0,0,35,152,0,64,2,5,0.1275,279,644,22,48,5
muellbi02,N,663,1229,265,22,85,493,20,18,543,571,17,37,48,105,0.29102533743784,817,2086,126,216,2
munsoth01,N,696,1558,229,32,113,701,48,50,438,571,59,21,58,160,0.291541916167665,6342,742,130,85,10
murcebo01,N,972,1862,285,45,252,1043,127,75,862,841,96,18,81,124,0.27667161961367,3352,293,90,48,4
murphda05,N,1197,2111,350,39,398,1266,161,68,986,1748,159,6,60,209,0.265201005025126,6319,300,123,172,19
murraed02,Y,1627,3255,560,35,504,1917,110,43,1333,1516,222,2,128,315,0.287138320395201,21265,1871,168,2034,9
musiast01,Y,1949,3630,725,177,475,1951,78,31,1599,696,127,35,53,243,0.330842143638352,12439,818,142,962,34
mussimi01,N,3,9,1,0,0,5,0,0,1,9,0,1,0,0,0.173076923076923,231,497,15,37,8
myersra01,N,5,11,3,0,0,7,0,0,3,33,0,5,0,2,0.183333333333333,27,92,5,2,5
nehfar01,N,90,192,29,5,8,76,7,3,86,122,0,41,0,0,0.20983606557377,144,749,22,48,1
nenro01,N,0,1,0,0,0,0,0,0,0,4,0,0,0,0,0.0666666666666667,44,69,7,8,1
nettlgr01,N,1193,2225,328,28,390,1314,32,36,1088,1209,94,12,90,197,0.247607389272201,2098,5295,298,480,6
newcodo01,N,94,238,33,3,15,108,2,1,87,147,1,17,3,17,0.271070615034169,159,313,18,27,7
newhoha01,Y,71,201,22,2,2,81,3,3,89,150,0,72,0,24,0.201201201201201,135,611,22,40,19
newsobo01,N,86,253,28,3,1,102,1,1,17,266,0,86,0,30,0.18922961854899,112,534,28,32,3
nichobi01,N,837,1484,272,60,235,948,27,1,800,828,0,20,0,61,0.267580238009376,2954,118,67,20,7
niekrjo01,N,55,152,26,1,1,72,1,0,38,262,0,147,6,17,0.156217882836588,253,532,25,41,2
niekrph01,Y,80,260,42,1,7,109,0,1,17,314,0,129,12,35,0.169160702667534,386,878,37,83,7
nolanga01,N,36,73,9,4,1,32,0,0,38,211,0,56,1,8,0.137996219281664,95,189,3,11,1
nomohi01,N,22,65,14,1,4,26,0,0,13,222,0,44,1,4,0.134020618556701,115,180,13,17,1
odoulle01,N,624,1140,175,41,113,542,36,0,333,122,0,39,0,10,0.349264705882353,1594,61,62,6,4
ofarrbo01,N,517,1120,201,58,51,549,35,7,547,408,0,83,0,11,0.273104120946111,4295,980,130,101,4
oglivbe01,N,784,1615,277,33,235,901,87,70,560,852,105,21,69,122,0.273127008286826,3399,121,74,54,2
olerujo01,N,1139,2239,500,13,255,1230,11,14,1275,1016,157,12,96,232,0.294915700737619,16165,1418,82,1581,4
olivato01,N,870,1917,329,48,220,947,86,55,448,645,131,14,57,139,0.304237422631328,2332,71,61,19,9
oliveal01,N,1189,2743,529,77,219,1326,84,64,535,756,119,17,95,254,0.303127417394187,9040,498,131,513,5
oneilst01,N,448,1259,248,34,13,537,30,23,592,383,0,130,0,0,0.262565172054223,5968,1698,217,194,9
ordonma01,N,1076,2156,426,21,294,1236,94,50,651,852,36,3,65,242,0.308971051877329,3208,108,44,20,6
otisam01,N,1092,2020,374,66,193,1007,341,93,757,1008,53,54,103,158,0.276750239758871,4940,129,48,35,4
ottme01,Y,1859,2876,488,72,511,1860,89,0,1708,896,0,109,0,82,0.30414551607445,4734,783,146,98,11
pafkoan01,N,844,1796,264,62,213,976,38,13,561,477,7,82,15,164,0.285441830896376,3388,590,97,67,5
palmeji01,Y,52,85,9,1,3,41,1,0,16,207,0,31,1,1,0.173824130879346,292,577,34,53,15
palmera01,N,1663,3020,585,38,569,1835,97,40,1353,1348,172,15,119,232,0.28838808250573,18128,1596,120,1785,8
parkeda01,N,1272,2712,526,75,339,1493,154,113,683,1537,170,1,86,209,0.289805513998718,3949,152,144,47,15
parrila02,N,856,1782,305,27,324,1070,28,37,612,1527,62,23,58,197,0.252157917079383,9840,986,98,156,11
paskedo01,N,868,1613,279,77,42,577,293,43,715,784,0,224,0,0,0.26807379092571,3851,257,136,59,1
peckiro01,N,1006,1876,256,75,48,740,205,70,814,624,0,314,0,0,0.259366791096364,3930,6338,554,952,4
penato01,N,667,1687,298,27,107,708,80,63,455,846,72,68,38,234,0.259978425026969,11260,1049,118,157,5
pendlte01,N,851,1897,356,39,140,946,127,59,486,979,77,37,67,178,0.269766780432309,1386,3891,238,312,5
pennohe01,Y,108,232,33,4,4,103,1,0,94,172,0,111,0,0,0.191103789126853,101,824,26,45,5
pepitjo01,N,606,1315,158,35,219,721,41,32,302,526,73,14,35,124,0.257994898960173,9036,650,81,785,4
perezto01,Y,1272,2732,505,79,379,1652,49,33,925,1867,150,9,106,268,0.279402740846799,15127,2440,240,1484,4
perkicy01,N,329,933,175,35,30,409,18,34,301,221,0,95,0,0,0.258879023307436,3828,1057,111,103,1
perraro01,N,6,16,1,1,0,3,0,0,10,92,0,13,0,1,0.0958083832335329,45,222,18,12,2
perryga01,Y,48,141,17,0,6,47,0,0,22,369,0,113,3,20,0.131040892193309,349,877,38,58,4
perryji01,N,73,177,22,3,5,59,0,1,32,179,0,51,5,19,0.199100112485939,191,506,29,33,2
peskyjo01,N,867,1455,226,50,17,404,53,49,662,218,0,83,1,82,0.306638566912539,1987,3114,178,594,2
petrori01,N,653,1352,237,22,210,773,10,22,661,926,61,36,57,127,0.250834879406308,1886,3750,176,589,1
piazzmi01,Y,1048,2127,344,8,427,1335,17,20,759,1113,146,0,45,229,0.307770221386196,11347,768,132,133,22
piercbi02,N,94,203,13,4,0,69,1,2,65,232,0,83,1,24,0.184210526315789,124,487,28,32,4
pinielo01,N,651,1705,305,41,102,766,32,41,368,541,82,35,61,209,0.290608488154082,2546,106,52,16,1
pinsova01,N,1365,2757,485,127,256,1169,305,122,574,1196,69,52,78,164,0.285847589424572,5145,173,101,33,1
pippwa01,N,974,1941,311,148,90,998,125,60,596,551,0,272,0,0,0.280734741105004,18779,1152,168,1290,1
planked01,Y,130,331,39,7,3,122,13,1,71,230,0,76,0,0,0.205973864343497,229,1108,40,37,4
podrejo01,N,61,145,19,1,2,50,1,2,32,108,0,43,11,14,0.190288713910761,80,313,18,24,2
portebo01,N,34,95,15,1,6,43,1,0,20,123,0,25,5,14,0.184108527131783,80,280,15,15,2
porteda02,N,765,1369,237,48,188,826,39,37,905,1025,106,18,63,102,0.247156526448817,6767,755,134,106,3
posadjo01,N,900,1664,379,10,275,1065,20,21,936,1453,78,1,47,186,0.273145108338805,10207,715,92,104,10
powelbo01,N,889,1776,270,11,339,1187,20,21,1001,1226,140,27,72,164,0.265828468792097,12796,880,133,1133,5
powervi01,N,765,1716,290,49,126,658,45,35,279,247,26,73,48,145,0.283824015878267,10833,1592,97,1158,7
puckeki01,Y,1071,2304,414,57,207,1085,134,76,450,965,85,23,58,188,0.318056322473771,4392,143,51,37,22
quiseda01,N,0,1,0,0,0,1,0,0,1,1,0,0,0,0,0.166666666666667,97,264,13,22,10
radboch01,Y,308,585,64,11,9,259,26,0,158,244,0,0,0,0,0.235223160434258,443,1047,170,59,1
raderdo02,N,631,1302,245,39,155,722,37,33,528,1055,51,27,51,142,0.25106054762823,1526,2913,201,290,5
raineti01,Y,1571,2605,430,113,170,980,808,146,1330,966,148,39,76,142,0.293620378719567,4284,273,61,35,4
ramirma02,N,1544,2574,547,20,555,1831,38,33,1329,1813,216,2,90,243,0.312227074235808,3206,129,75,18,19
randowi01,N,1239,2210,316,65,54,687,271,94,1243,675,37,99,64,219,0.275629832876029,4859,6339,237,1547,4
raschvi01,N,45,112,15,1,1,50,0,0,47,145,0,63,0,17,0.184210526315789,84,259,8,20,6
rayjo01,N,604,1502,294,36,53,594,80,49,353,329,39,48,56,126,0.289514263685428,2757,3836,123,828,2
reardje01,N,0,5,1,0,0,2,0,0,1,38,0,7,0,0,0.087719298245614,44,75,11,4,3
reesepe01,Y,1338,2170,330,80,126,885,232,45,1210,890,3,157,19,176,0.269297592454703,4124,6131,407,1255,5
reisepe01,N,473,786,155,41,58,368,87,3,343,369,0,28,0,26,0.29526671675432,1486,168,42,20,3
renteed01,N,1200,2327,436,29,140,923,294,108,718,1182,42,99,76,241,0.285802014247114,2966,5706,272,1219,10
reuscri01,N,82,187,35,4,4,79,3,5,46,317,0,135,5,11,0.167713004484305,328,667,29,39,4
reynoal01,N,56,140,19,4,1,79,1,0,61,186,0,58,0,28,0.163360560093349,111,349,32,22,3
rhoderi01,N,58,181,38,0,9,75,0,1,17,114,0,47,5,20,0.23784494086728,173,386,6,23,3
riceji01,Y,1249,2452,373,79,382,1451,58,34,670,1423,77,5,94,315,0.298115501519757,3103,137,66,19,10
ricesa01,Y,1514,2987,498,184,34,1078,351,143,708,275,0,213,0,0,0.322256985651095,4775,291,185,68,1
richabo01,N,643,1432,196,37,34,390,73,48,262,243,20,98,30,100,0.265874489417007,3159,3540,150,977,13
righeda01,N,0,2,0,0,0,1,0,0,0,6,0,5,0,0,0.181818181818182,35,150,12,10,5
rijojo01,N,25,85,13,0,2,29,2,1,8,101,0,58,0,4,0.191011235955056,144,248,14,12,2
ripkeca01,Y,1647,3184,603,44,431,1695,36,39,1129,1305,107,10,127,350,0.275647130118604,4112,8214,294,1682,29
rivermi01,N,785,1660,247,71,61,499,267,90,266,471,20,75,35,44,0.294901403446438,3150,95,61,21,1
rixeyep01,Y,95,291,33,4,3,111,2,2,49,220,0,87,0,2,0.19119579500657,131,1195,30,56,4
rizzuph01,Y,877,1588,239,62,38,563,149,58,651,398,1,193,2,107,0.273039889958735,3220,4666,263,1217,10
roberda01,N,366,812,117,44,47,364,94,57,113,262,0,76,0,0,0.286925795053004,1260,70,63,14,1
roberro01,Y,107,255,55,10,5,103,3,1,135,372,0,108,6,37,0.167213114754098,316,601,31,45,8
robinbr01,Y,1232,2848,482,68,268,1357,28,22,860,990,120,101,114,297,0.267317439459358,2712,6220,264,621,32
robinfr02,Y,1829,2943,528,72,586,1812,204,77,1420,1532,218,17,102,270,0.294123525884469,6346,333,106,263,15
robinja02,Y,947,1518,273,54,137,734,197,30,740,291,7,104,9,113,0.311256920237851,4007,2728,117,830,10
rodriiv01,Y,1354,2844,572,51,311,1332,127,64,513,1474,67,31,76,337,0.296497080900751,14922,1233,143,164,29
roepr01,N,37,68,3,0,1,28,0,0,38,215,0,63,0,7,0.109677419354839,90,295,10,26,2
rogerke01,N,5,9,1,1,0,4,1,0,4,25,0,5,0,1,0.136363636363636,258,743,44,65,5
rogerst01,N,47,122,8,2,0,39,1,2,61,268,0,101,1,10,0.138479001135074,237,462,31,37,1
rojasco01,N,713,1660,254,25,54,593,74,68,396,489,30,87,59,181,0.263116183230306,3466,3965,134,971,1
rolensc01,N,1211,2077,517,43,316,1287,118,49,899,1410,57,1,93,150,0.280751554474182,1478,4081,186,355,13
rolfere01,N,942,1394,257,67,69,497,44,20,526,335,0,42,0,14,0.288792210482701,1336,2275,170,216,7
rommeed01,N,80,164,23,6,1,59,1,3,62,102,0,70,0,0,0.198547215496368,165,810,32,51,3
rootch01,N,86,196,46,7,11,93,1,0,44,329,0,54,0,9,0.180478821362799,95,506,15,21,3
rosepe01,N,2165,4256,746,135,160,1314,198,149,1566,1143,167,56,79,247,0.302853483242012,12394,3349,213,1083,16
roushed01,Y,1099,2376,339,182,68,981,268,92,484,260,0,256,0,0,0.322694553850333,4683,230,140,49,14
rowesc01,N,116,239,36,9,18,153,3,2,86,157,0,25,0,12,0.262926292629263,97,421,14,24,3
ruckena01,N,44,157,10,6,1,44,2,0,22,117,0,31,0,0,0.195031055900621,55,625,24,18,7
rudijo01,N,684,1468,287,39,179,810,25,15,369,870,59,65,51,129,0.264218862491001,4167,159,41,180,6
ruelmu01,N,494,1242,187,29,4,534,61,59,606,238,0,143,0,0,0.275143996455472,5368,1138,117,137,4
ruffire01,N,207,521,98,13,36,273,1,1,97,266,0,43,0,13,0.268972638100155,155,677,27,51,8
rusieam01,Y,209,429,42,29,8,176,25,0,27,186,0,2,0,0,0.247976878612717,200,877,127,35,1
russebi01,N,796,1926,293,57,46,627,167,69,483,667,106,132,51,174,0.263186663022684,3104,5713,355,936,1
russeje01,N,3,11,3,0,1,10,0,0,5,33,0,7,1,1,0.139240506329114,71,192,10,17,2
ruthba01,Y,2174,2873,506,136,714,2217,123,117,2062,1330,0,113,0,2,0.342105263157895,4787,569,179,86,33
ryanno01,Y,40,94,10,2,2,36,3,3,38,371,0,65,2,11,0.110328638497653,220,547,90,27,2
saberbr01,N,13,23,4,0,0,1,0,0,13,49,0,24,0,1,0.121052631578947,203,415,24,26,9
sainjo01,N,69,190,28,4,3,101,0,0,24,20,0,56,0,25,0.245478036175711,127,371,19,18,5
salmoti01,N,986,1674,339,24,299,1016,48,42,970,1360,45,0,68,98,0.282103134479272,2695,99,64,23,5
samueju01,N,873,1578,287,102,161,703,396,143,440,1442,38,27,42,81,0.259496793290577,3572,3288,188,673,2
sandbry01,Y,1318,2386,403,76,282,1061,344,107,761,1260,59,31,71,139,0.284555754323196,3892,6648,120,1177,25
sandere02,N,1037,1666,341,60,305,983,304,115,674,1614,49,14,43,121,0.266944399935908,3334,103,68,19,1
sanguma01,N,566,1500,205,57,65,585,35,38,223,331,96,28,44,144,0.29632556301857,6646,575,105,112,1
santajo01,N,11,40,12,1,1,9,0,0,9,78,0,22,0,1,0.161290322580645,98,232,19,16,7
santibe01,N,755,1830,323,41,217,920,91,69,430,1270,52,26,70,204,0.263271471730686,10955,968,152,141,12
santoro01,Y,1138,2254,365,67,342,1331,35,41,1108,1343,94,13,94,256,0.27680216136559,2100,4717,327,449,11
sauerha01,N,709,1278,200,19,288,876,11,4,561,714,7,9,14,107,0.266472060050042,2711,139,74,48,3
saxst01,N,913,1949,278,47,54,550,444,178,556,584,47,75,37,146,0.280835734870317,3617,4817,190,998,3
schalra01,Y,579,1345,199,49,11,594,177,69,638,355,0,214,0,0,0.253486618921975,7168,1811,175,226,5
schanwa01,N,769,1506,264,90,59,710,121,49,849,573,0,160,0,0,0.283776144714528,5622,1565,271,163,3
schilcu01,N,39,117,13,1,0,29,1,1,25,270,0,102,1,8,0.151358344113842,183,297,22,19,11
schmija01,N,29,63,9,0,7,21,0,0,22,282,0,90,1,5,0.105527638190955,91,163,11,6,2
schmimi01,Y,1506,2234,408,59,548,1595,174,92,1507,1883,201,16,108,156,0.267480842911877,2836,5193,328,580,33
schoere01,Y,1223,2449,427,78,84,773,89,27,606,346,15,97,19,180,0.288831230097889,5045,5466,192,1409,2
schulfr01,N,906,1766,288,124,92,792,233,17,545,757,0,279,0,0,0.270319914281341,2689,194,103,41,4
schumha02,N,100,181,23,4,15,102,0,0,32,196,0,28,0,18,0.202008928571429,154,646,24,34,1
scottev01,N,552,1455,208,58,20,551,69,60,243,282,0,275,0,0,0.249271886242933,3353,5060,306,711,2
scottge02,N,957,1992,306,60,271,1051,69,57,699,1418,85,22,62,277,0.267994080452038,15601,1520,201,1527,8
scottmi03,N,33,81,14,0,2,45,2,1,27,279,0,59,4,9,0.124042879019908,156,299,23,12,5
seaveto01,Y,99,202,28,5,12,86,4,0,108,485,0,121,4,22,0.15361216730038,328,692,42,54,10
seweljo01,Y,1141,2226,436,68,49,1055,74,72,842,114,0,275,0,0,0.312114413909142,3273,5230,408,776,8
sewelri01,N,81,152,22,3,6,59,12,0,37,154,0,19,0,20,0.202666666666667,142,445,28,27,3
shantbo01,N,60,107,20,2,1,46,3,2,47,96,0,44,1,4,0.195255474452555,175,468,16,48,11
sheffga01,N,1636,2689,467,27,509,1676,253,104,1475,1171,130,9,111,235,0.291743517413475,3275,1240,171,135,9
sherdbi01,N,96,214,35,5,9,86,2,1,63,96,0,44,0,0,0.222916666666667,82,540,29,25,1
shockur01,N,89,167,23,3,1,70,1,3,139,211,0,98,0,0,0.209273182957393,155,599,15,22,4
sierrru01,N,1084,2152,428,59,306,1322,142,52,610,1239,102,1,120,193,0.26752859273993,2951,108,94,23,3
sievero01,N,945,1703,292,42,318,1147,14,19,841,920,55,15,55,164,0.266635353060905,9064,661,110,759,1
simmoal01,Y,1507,2927,539,149,307,1827,88,64,615,737,0,111,0,23,0.334170567416372,5000,169,94,38,23
simmote01,N,1074,2472,483,47,248,1389,21,33,855,694,188,11,100,287,0.284792626728111,10544,1092,169,248,4
singlke01,N,985,2029,317,25,246,1065,21,36,1263,1246,125,29,60,248,0.282236750591181,2684,82,57,17,2
sislege01,Y,1284,2812,425,164,102,1175,375,127,472,327,0,226,0,0,0.340147574694569,18914,1573,274,1472,16
slaugen01,Y,1247,2383,413,148,169,1304,71,15,1018,538,11,73,10,139,0.299899320412786,3925,152,82,35,12
smithea02,N,225,686,115,19,46,355,18,9,247,106,0,47,0,0,0.303003533568905,2117,502,78,64,3
smithle02,N,2,3,0,0,1,2,0,0,3,42,0,4,0,0,0.046875,52,111,4,9,7
smithlo01,N,909,1488,273,58,98,533,370,140,623,849,19,21,46,69,0.287814313346228,2388,101,92,18,1
smithoz01,Y,1257,2460,402,69,28,793,580,148,1072,589,79,214,63,167,0.261813537675607,4249,8375,281,1590,23
smithre06,N,1123,2020,363,57,314,1092,137,86,890,1030,115,8,86,150,0.28721740366842,5186,304,123,165,2
smoltjo01,Y,77,151,26,2,5,61,3,2,79,365,0,136,1,15,0.159282700421941,320,433,28,30,10
snidedu01,Y,1259,2116,358,85,407,1333,99,50,971,1237,104,52,32,166,0.295489456779779,4099,123,66,18,6
snowjt01,N,798,1509,293,19,189,877,20,23,760,1142,61,24,64,135,0.267505761389825,12855,1016,63,1298,6
sosasa01,N,1475,2408,379,45,609,1667,234,107,929,2306,154,17,78,202,0.273232724384432,4522,143,128,26,16
spahnwa01,Y,141,363,57,6,35,189,4,2,94,487,0,68,14,23,0.193910256410256,222,999,58,82,16
speaktr01,Y,1882,3514,792,222,117,1529,432,129,1381,323,0,309,0,0,0.344678764100049,6935,462,224,159,27
speiech01,N,770,1759,302,50,112,720,42,54,847,988,106,73,44,183,0.245807713806596,3314,6259,288,1121,1
spencji01,N,541,1227,179,27,146,599,11,19,407,582,86,35,42,124,0.25,9920,798,55,956,2
stanked01,N,811,1154,185,35,29,364,48,5,996,374,0,103,0,62,0.26830969541967,3118,3323,175,829,2
stanlmi01,N,641,1243,201,48,117,500,44,23,371,564,32,42,34,133,0.247510951812027,3688,327,46,105,4
stargwi01,Y,1194,2232,423,55,475,1540,17,16,937,1936,227,9,75,143,0.281569320045414,9278,486,151,713,12
staubru01,N,1189,2716,499,47,292,1466,47,33,1255,888,193,56,119,297,0.279423868312757,6572,402,140,306,1
steinte01,N,638,1453,273,21,162,745,23,22,418,938,31,15,46,177,0.270627677407338,7849,651,100,111,1
stewada01,N,5,10,1,1,0,4,0,0,3,17,0,6,0,0,0.196078431372549,197,232,26,21,6
stiebda01,N,2,0,0,0,0,0,0,0,0,0,0,0,0,0,0,272,493,22,45,2
stonest01,N,9,22,2,0,0,7,0,0,11,92,0,22,0,2,0.100456621004566,125,254,22,13,3
stottme01,N,54,120,14,6,7,57,0,2,47,270,0,42,4,14,0.160213618157543,242,570,26,38,1
stottto01,N,23,50,7,1,1,11,1,1,28,93,0,26,0,1,0.206611570247934,166,261,18,19,2
strawda01,N,898,1401,256,38,335,1000,221,99,816,1352,131,1,53,64,0.258582502768549,2515,76,62,24,5
streega01,N,98,312,44,11,2,105,17,0,119,115,0,41,0,0,0.207861425716189,2391,744,83,55,1
suhrgu01,N,714,1446,288,114,84,818,53,0,718,433,0,85,0,64,0.279366306027821,13104,766,116,1086,1
sullibi03,N,363,777,119,33,21,378,98,0,170,502,0,132,0,0,0.213051823416507,4810,1322,151,117,2
sundbji01,N,621,1493,243,36,95,624,20,37,699,963,31,118,38,159,0.247965454243481,9773,1007,81,145,8
sutclri01,N,42,102,22,1,4,55,4,0,34,143,0,54,5,15,0.181494661921708,211,404,17,25,8
suttebr01,Y,6,9,0,0,0,6,1,0,7,50,0,10,1,1,0.0882352941176471,90,145,9,9,10
suttodo01,Y,64,195,15,1,0,64,1,0,60,365,0,136,3,29,0.144017725258493,334,613,31,42,3
sweenmi01,N,759,1540,325,5,215,909,53,25,522,613,61,5,59,142,0.296838858905166,6015,515,70,552,1
tananfr01,N,3,9,1,1,0,5,0,1,2,12,0,3,0,0,0.152542372881356,226,638,19,40,2
tebbebi01,N,357,1000,169,22,38,469,29,23,389,261,0,44,0,111,0.269978401727862,4667,666,119,87,3
templga01,N,893,2096,329,106,70,728,242,129,375,1092,144,57,46,167,0.271467426499158,3551,6078,386,1176,5
tenacge01,N,653,1060,179,20,201,674,36,42,984,998,58,21,39,77,0.241457858769932,8731,743,103,489,2
tennefr02,N,1278,2231,270,77,22,688,285,0,874,484,0,277,0,0,0.293745885450955,18278,1452,361,965,1
terrybi01,Y,1120,2193,373,112,154,1078,56,6,537,449,0,137,0,38,0.34116365899191,15999,1111,139,1334,12
tettlmi01,N,711,1132,210,16,245,732,23,29,949,1307,72,21,47,86,0.240953597275436,4951,408,55,109,6
thomafr04,Y,1494,2468,495,12,521,1704,32,23,1667,1397,168,0,121,226,0.301012318575436,7910,497,80,776,10
thomago01,N,681,1051,212,13,268,782,50,49,697,1339,41,41,53,84,0.224716698738508,2954,56,51,15,1
thomair01,N,124,327,46,17,3,155,20,0,82,104,0,29,0,0,0.241863905325444,2136,578,83,43,3
thomeji01,Y,1583,2328,451,26,612,1699,19,20,1747,2548,173,1,74,165,0.276418902873427,9450,1565,137,990,6
thompro01,N,671,1187,238,39,119,458,103,62,439,987,8,99,19,72,0.257372072853426,2611,3705,110,873,3
thornan01,N,792,1342,244,22,253,895,48,37,876,851,69,14,71,129,0.253638253638254,6239,502,52,558,3
tiantlu01,N,36,84,14,1,5,44,1,1,13,146,0,41,2,10,0.16374269005848,221,389,35,31,1
timlimi01,N,0,0,0,0,0,0,0,0,0,4,0,0,0,0,0,101,188,14,14,1
tolanbo01,N,572,1121,173,34,86,497,193,100,258,587,27,64,39,91,0.264511562057574,2915,101,58,79,2
torrejo01,Y,996,2342,344,59,252,1185,23,29,779,1094,127,13,50,284,0.29743459486919,11618,1731,169,735,9
trammal01,Y,1231,2365,412,55,185,1003,236,109,850,874,48,124,76,156,0.285352316602317,3448,6265,235,1321,11
traynpi01,Y,1183,2416,371,164,58,1273,158,46,472,278,0,231,0,47,0.319618997221855,2390,3672,348,318,26
trillma01,N,598,1562,239,33,61,571,56,57,452,742,35,88,49,143,0.262521008403361,3977,4855,169,1029,9
troutdi01,N,99,205,28,7,20,110,7,2,59,226,0,26,0,18,0.213319458896982,193,645,50,63,3
tudorjo01,N,22,59,7,2,0,18,1,1,17,120,0,41,1,3,0.153645833333333,85,321,11,27,1
turneji01,N,32,87,16,1,1,22,0,1,8,39,0,17,0,7,0.218045112781955,55,269,12,18,2
uhlege01,N,172,393,60,21,9,187,6,8,98,112,0,36,0,0,0.288970588235294,175,624,33,42,5
valenel01,N,380,881,169,15,123,474,59,37,180,462,9,5,34,81,0.278269109286165,1570,85,47,17,1
valenfe01,N,56,187,26,1,10,84,0,2,8,145,0,93,6,12,0.199786324786325,202,586,30,31,9
vanceda01,Y,68,146,23,1,7,75,1,0,79,287,0,55,0,4,0.150360453141092,126,570,18,29,11
vandejo01,N,58,104,12,2,1,26,1,0,41,201,0,60,0,8,0.151824817518248,82,404,29,30,6
vanslan01,N,835,1562,293,91,164,792,245,59,667,1063,55,12,61,94,0.27350726667834,3923,262,55,111,10
varitja01,N,664,1307,306,14,193,757,25,18,614,1216,59,22,43,129,0.256324769562659,10166,541,69,72,3
vaughar01,Y,1173,2103,356,128,96,926,118,0,937,276,0,116,0,70,0.317577771066143,3308,5119,417,875,14
vaughgr01,N,1017,1475,284,23,355,1072,121,59,865,1513,54,11,54,101,0.24168441749959,2518,65,38,10,2
vaughmo01,N,861,1620,270,10,328,1064,30,18,725,1429,144,0,45,136,0.292841648590022,10947,703,139,1119,3
venturo01,N,1006,1885,338,14,294,1182,24,38,1075,1179,132,33,76,176,0.266845979614949,2215,3616,227,430,6
vernomi01,N,1196,2495,490,120,172,1311,137,90,955,869,22,80,19,183,0.285763371893254,19819,1448,212,2044,2
violafr01,N,8,26,3,0,0,6,0,0,3,41,0,22,0,2,0.140540540540541,84,371,32,19,6
virdobi01,N,735,1596,237,81,91,502,47,54,442,647,41,53,39,84,0.266889632107023,3777,100,73,18,2
vizquom01,N,1445,2877,456,77,80,951,404,167,1028,1087,25,256,94,207,0.271774041186473,4268,8050,190,1797,12
vuckope01,N,15,33,7,0,0,13,1,0,3,49,0,24,2,3,0.158653846153846,87,222,21,15,1
wadderu01,Y,61,172,29,10,4,83,6,0,42,300,0,23,0,0,0.161350844277674,176,740,91,17,2
wagnebi02,N,1,2,0,0,0,1,0,0,1,12,0,0,0,0,0.1,33,86,5,2,1
wagneho01,N,1739,3420,643,252,101,1733,723,15,963,735,0,221,0,0,0.32761758789156,7940,6782,828,963,12
wakefti01,N,4,13,2,0,1,4,0,0,3,47,0,15,0,0,0.117117117117117,227,329,30,29,1
walberu01,N,78,162,26,5,4,84,2,1,48,179,0,52,0,0,0.179005524861878,113,558,37,18,1
walkedi02,N,1037,2064,376,96,105,1023,59,10,817,325,0,93,0,81,0.306231454005935,3479,157,106,35,3
walkela01,N,1355,2160,471,62,383,1311,230,76,913,1231,117,7,65,153,0.312726219777038,3976,213,57,92,14
wallabo01,Y,1057,2309,391,143,34,1121,201,2,774,496,0,173,0,0,0.267927593409144,4918,7465,814,722,2
wallati01,N,908,2085,432,36,260,1125,51,66,649,1307,89,6,77,192,0.25743919002346,2543,4065,247,373,7
walshed01,Y,93,210,38,10,3,68,14,0,46,212,0,30,0,0,0.193014705882353,237,1208,57,32,8
waltebu01,N,227,477,99,16,23,234,12,1,114,303,0,64,0,34,0.242624618514751,364,1135,63,119,11
wanerll01,Y,1201,2459,281,118,27,598,67,0,420,173,0,108,0,57,0.316392177045805,4864,157,87,31,4
wanerpa01,Y,1627,3152,605,191,113,1309,104,0,1091,376,0,174,0,127,0.333227613912676,5513,270,144,105,14
warnelo01,N,87,215,26,2,4,97,1,0,52,148,0,62,0,31,0.223492723492724,126,538,8,31,9
weisswa01,N,623,1207,182,31,25,386,96,35,658,658,38,89,42,75,0.257575757575758,2056,4007,190,854,1
welchbo01,N,26,88,7,1,2,30,0,1,22,171,0,59,2,4,0.151202749140893,243,394,26,30,3
wellsda01,N,8,23,2,0,0,5,0,0,3,59,0,18,0,1,0.129213483146067,149,451,30,25,3
werbebi01,N,875,1363,271,50,78,539,215,68,701,363,0,88,0,39,0.271297770700637,1548,2695,269,267,2
wertzvi01,N,867,1692,289,42,266,1178,9,19,828,842,33,24,43,143,0.277422528283325,6807,519,112,557,3
westsa01,N,934,1838,347,101,75,838,53,56,696,540,0,123,0,6,0.298959011060507,4528,164,81,64,2
wettejo01,N,4,7,2,0,1,8,0,0,0,19,0,9,0,0,0.166666666666667,27,60,12,2,3
wheatza01,Y,1289,2884,476,172,132,1248,205,49,650,572,0,163,0,0,0.316714254337799,4996,232,183,54,11
whitalo01,N,1386,2369,420,65,244,1084,143,75,1197,1099,79,89,91,143,0.276429404900817,4771,6653,189,1527,10
whitede03,N,1125,1934,378,71,208,846,346,98,541,1526,32,61,47,98,0.263344226579521,4739,97,71,23,7
whiteea01,N,107,264,23,7,4,98,3,0,97,216,0,57,0,1,0.204492641363284,166,701,47,31,2
whitefr01,N,912,2006,407,58,160,886,178,83,412,1035,27,101,65,156,0.255248759384146,4944,6629,206,1459,11
willibe02,N,1366,2336,449,55,287,1257,147,87,1069,1212,97,12,64,223,0.296861100521032,4710,65,48,18,8
willibi01,Y,1410,2711,434,88,426,1475,90,49,1045,1046,182,8,73,200,0.289946524064171,4367,219,113,96,7
willicy01,N,1024,1981,306,74,251,1005,115,82,690,721,0,164,0,0,0.292182890855457,4180,226,123,40,3
willima04,N,997,1878,338,35,378,1218,53,35,469,1363,86,9,62,182,0.268285714285714,1525,3672,191,386,12
willite01,Y,1798,2654,525,71,521,1839,24,17,2021,709,86,5,20,197,0.344406955618998,4158,142,113,30,39
willivi01,Y,107,248,19,4,1,84,3,0,81,199,0,41,0,0,0.166108506363027,389,1131,72,30,1
willsma01,N,1067,2134,177,71,20,458,586,208,552,684,26,119,29,92,0.281233526620981,2786,5512,331,928,9
wilsoha01,Y,884,1461,266,67,244,1063,52,5,674,713,0,102,0,15,0.306932773109244,2821,116,108,31,8
wilsoji01,N,580,1358,252,32,32,621,86,9,356,280,0,101,0,37,0.284219338635412,4972,935,142,158,2
wilsowi02,N,1169,2207,281,147,41,585,668,134,425,1144,27,64,35,90,0.285474065450783,5060,76,67,15,3
winfida01,Y,1669,3110,540,88,465,1833,223,96,1216,1686,172,19,95,319,0.282650186312824,5012,168,95,38,20
woodjo02,N,266,553,118,31,23,325,23,3,208,216,0,96,0,0,0.283299180327869,911,518,56,30,3
woodke02,N,23,59,6,0,7,32,0,0,11,114,0,46,1,1,0.170520231213873,73,123,9,13,1
woodwi01,N,11,27,2,0,0,13,1,0,20,189,0,38,0,7,0.0838509316770186,84,523,14,26,3
worreto01,N,1,2,0,1,0,0,0,0,1,20,0,2,0,1,0.0740740740740741,30,82,4,9,3
wrighgl01,N,584,1219,203,76,94,723,38,13,209,407,0,113,0,9,0.293522754635203,2240,3504,357,705,3
wyattwh01,N,53,133,26,2,7,69,0,0,26,111,0,34,0,20,0.219110378912685,74,316,18,15,5
wynnea01,Y,136,365,59,5,17,173,1,0,141,330,0,52,4,33,0.214201877934272,193,670,29,47,4
wynnji01,N,1105,1665,285,39,291,964,225,101,1224,1427,84,32,74,117,0.250263039230422,3937,167,84,42,2
yastrca01,Y,1816,3419,646,59,452,1844,168,116,1845,1393,190,13,105,323,0.285201868535202,10437,775,135,643,16
yeagest01,N,357,816,118,16,102,410,14,18,342,726,64,33,28,93,0.227678571428571,6110,674,88,75,1
yorkru01,N,876,1621,291,52,277,1152,38,26,792,867,0,25,0,155,0.275165506705143,12308,1167,155,1098,5
youngcy01,Y,325,623,87,35,18,290,29,0,81,381,0,50,0,0,0.210472972972973,251,2015,148,41,3
younger01,N,996,1731,327,46,79,543,465,168,660,462,14,84,44,135,0.2828893610067,3025,3617,160,788,2
youngro01,Y,812,1491,236,93,42,592,153,83,550,390,0,119,0,0,0.322239031770045,2171,207,120,48,5
yountro01,Y,1632,3142,583,126,251,1406,271,105,966,1350,95,104,123,217,0.285428779069767,5855,4850,305,963,12
zachrpa01,N,9,36,0,0,0,6,0,0,14,128,0,33,2,11,0.113207547169811,60,176,13,19,1
zahnge01,N,3,6,0,0,0,1,0,0,0,9,0,10,0,1,0.13953488372093,87,326,24,19,1
zambrca01,N,75,165,26,3,24,71,1,0,10,240,0,37,4,14,0.238095238095238,168,290,25,29,3
ziskri01,N,681,1477,245,26,207,792,8,15,533,910,52,7,41,138,0.287130637636081,1680,68,33,20,2
