playerID,inducted,R,H,2B,3B,HR,RBI,SB,CS,BB,SO,IBB,SH,SF,GIDP,AVG,PO,A,E,DP,W,L,CG,SHO,SV,H_allowed,ER,HR_allowed,BB_allowed,StruckOut,BAOpp,ERA,WP,HitBatsmen,BK,R_allowed,SH_allowed,SF_allowed,GIDP_pitcher,award_count
abbotji01,N,0,2,0,0,0,3,0,0,0,10,0,3,0,0,0.0952380952380952,72,300,9,16,87,108,31,6,0,1779,791,154,620,888,0.280363636363636,4.49636363636364,53,32,11,880,70,47,200,2
adamsba01,N,79,216,31,15,3,75,1,1,53,194,0,35,0,0,0.211972522080471,58,648,17,17,194,140,206,44,15,2841,917,68,430,1036,0.256666666666667,3.73368421052632,26,47,2,1129,0,0,0,2
akerja01,N,3,7,2,0,0,4,0,0,1,51,0,10,0,1,0.0760869565217391,65,167,8,20,47,45,0,0,123,679,272,64,274,404,0.253571428571429,3.85428571428571,13,40,0,312,32,12,19,1
alexape01,Y,154,378,60,13,11,163,3,5,77,276,0,88,0,0,0.208839779005525,189,1419,25,50,373,208,437,90,32,4868,1476,164,951,2198,0.253809523809524,2.97238095238095,39,70,1,1851,0,0,0,21
allenjo02,N,82,124,12,3,4,64,1,0,33,155,0,36,0,8,0.173184357541899,104,366,21,24,142,75,109,17,18,1849,813,104,738,1070,0.244666666666667,3.76533333333333,68,38,5,924,0,0,0,4
alouma01,N,780,1777,236,50,31,427,156,80,311,377,38,55,29,101,0.306961478666436,3794,176,71,155,0,0,0,0,0,3,0,0,1,3,0.33,0,0,0,0,0,0,0,0,1
bahnsst01,N,22,56,8,2,1,19,0,0,19,225,0,43,1,4,0.116910229645094,154,414,35,26,146,149,73,16,20,2440,1013,223,924,1359,0.251526315789474,3.81578947368421,89,34,3,1127,79,61,111,1
bandosa01,N,982,1790,289,38,242,1039,75,46,1031,923,69,65,57,149,0.253541076487252,1788,3743,231,362,0,0,0,0,0,3,2,0,0,0,0.231,6,0,0,0,2,0,0,0,2
beckro01,N,0,4,0,0,0,1,0,0,0,10,0,1,0,0,0.210526315789474,39,96,4,7,38,45,0,0,286,703,282,97,191,644,0.243714285714286,3.54571428571429,23,20,3,308,34,26,40,1
bedrost01,N,3,15,0,0,0,2,0,0,3,58,0,12,0,0,0.0980392156862745,64,122,10,11,76,79,0,0,184,1026,447,114,518,921,0.2296,3.47866666666667,33,27,4,496,44,39,86,3
bendech01,Y,102,243,40,10,6,116,20,0,75,143,0,42,0,0,0.211857018308631,237,814,59,27,212,127,255,40,34,2645,823,40,712,1711,1.47375,3.444375,72,102,5,1110,0,0,0,3
benitar01,N,0,0,0,0,0,2,0,0,0,4,0,0,0,0,0,31,40,7,1,40,47,0,0,289,545,271,95,403,946,0.202,3.37,18,16,5,296,24,22,47,2
bentola01,N,54,122,12,2,2,42,1,0,30,181,0,52,0,2,0.165311653116531,93,469,22,33,127,128,122,13,22,2559,1029,109,691,670,0.294,4.60466666666667,47,25,1,1190,0,0,0,2
bibbyji01,N,15,31,6,0,5,17,0,0,13,88,0,24,1,1,0.148325358851675,88,216,20,16,111,101,56,19,8,1565,719,131,723,1079,0.250357142857143,4.22285714285714,70,40,13,800,61,52,119,1
blackew01,N,31,77,12,1,1,22,0,0,12,73,0,28,0,8,0.173814898419865,46,311,19,20,82,78,69,15,10,1150,484,67,562,839,0.235454545454545,3.85909090909091,28,44,2,562,0,0,0,3
bluevi01,N,37,53,9,0,4,15,0,2,49,271,0,53,1,2,0.103515625,127,427,19,21,209,161,143,37,2,2939,1213,263,1185,2175,0.236823529411765,3.51882352941176,103,23,13,1357,149,97,218,6
boddimi01,N,2,0,0,0,0,0,0,0,0,0,0,0,0,0,,245,366,32,37,134,116,63,16,3,2082,897,188,721,1330,0.259066666666667,4.1,60,87,8,992,54,50,194,3
boggswa01,Y,1513,3010,578,61,118,1014,24,35,1412,745,180,29,96,236,0.327886710239651,2115,4304,232,472,0,0,0,0,0,3,1,0,1,2,0.2145,3.375,0,0,0,1,0,0,0,17
bondto01,N,213,471,53,11,0,174,5,1,22,63,0,0,0,7,0.238481012658228,336,928,138,32,234,163,386,42,0,3765,862,50,193,972,,2.83727272727273,143,2,0,1931,0,0,0,1
bonilbo01,N,1084,2010,408,61,287,1173,45,57,912,1204,128,5,97,169,0.27866352419243,3045,1869,230,251,0,0,0,0,0,3,2,1,1,0,0.6,18,0,0,1,2,0,0,1,6
brechha01,N,48,129,13,5,2,44,0,0,45,121,0,24,0,16,0.191679049034175,78,376,8,22,133,92,125,25,18,1731,618,117,536,901,0.230833333333333,2.70416666666667,18,37,5,701,0,0,0,5
bresnro01,Y,682,1252,218,71,26,530,212,3,714,403,0,112,0,0,0.279401919214461,5138,1416,241,138,4,1,3,1,0,68,22,1,15,15,,3.31666666666667,0,3,0,30,0,0,0,5
bridgto01,N,83,181,27,8,0,72,0,0,74,271,0,65,0,6,0.180458624127617,144,469,24,23,194,138,200,33,10,2675,1122,181,1192,1674,0.24625,3.720625,59,35,8,1321,0,0,0,6
brownke01,N,20,64,10,0,2,29,0,0,19,187,0,54,2,2,0.129292929292929,388,562,49,37,211,144,72,17,0,3079,1185,208,901,2397,0.260684210526316,3.55263157894737,108,139,15,1357,95,64,330,2
brownmo01,Y,93,235,20,11,2,74,8,0,44,199,0,49,0,0,0.205599300087489,173,843,36,43,239,130,271,55,49,2708,725,43,673,1375,4.43571428571429,2.37,59,63,4,1044,0,0,0,4
bunniji01,Y,82,213,21,4,7,75,0,2,34,362,0,85,6,36,0.167058823529412,206,372,23,20,224,184,151,40,16,3433,1366,372,1000,2855,0.245055555555556,3.56555555555556,47,160,8,1527,24,16,0,2
burdele01,N,101,185,27,4,12,75,2,0,32,271,0,63,6,14,0.182987141444115,245,622,27,55,203,144,158,33,31,3186,1246,289,628,1074,0.280952380952381,4.06904761904762,23,56,7,1400,0,0,0,2
bushjo01,N,128,313,59,17,7,137,4,4,53,192,0,24,0,0,0.252623083131558,213,839,34,50,195,183,225,35,20,2992,1205,96,1263,1319,0.278947368421053,4.73631578947368,90,62,1,1443,0,0,0,2
camniho01,N,42,92,6,1,1,32,1,0,37,204,0,53,0,0,0.13589364844904,63,486,31,8,133,106,137,20,15,1852,637,41,656,915,3.50166666666667,2.98916666666667,37,65,1,857,0,0,0,1
campabe01,N,1181,2249,313,86,79,646,649,199,618,1142,15,199,60,106,0.258982035928144,3789,6323,388,1215,0,0,0,0,0,1,1,0,2,1,0.33,9,0,0,0,1,0,0,0,3
campbbi02,N,2,4,0,0,0,2,0,1,4,10,0,0,0,1,0.153846153846154,119,172,13,11,83,68,2,1,126,1139,484,82,495,864,0.2566,3.91733333333333,47,20,6,550,88,41,84,4
cansejo01,N,1186,1877,340,14,462,1407,200,88,906,1942,63,1,81,178,0.265977044069718,2003,63,62,19,0,0,0,0,0,2,3,0,3,0,0.5,27,0,0,0,3,0,1,0,11
carltst01,Y,123,346,49,6,13,140,2,2,41,413,0,94,13,33,0.201279813845259,109,724,42,36,329,244,254,55,2,4672,1864,414,1833,4136,0.254555555555556,3.9862962962963,183,53,90,2130,203,103,287,17
carpech01,N,18,52,8,0,2,21,0,1,12,144,0,47,1,5,0.118451025056948,185,251,10,32,144,94,33,15,0,2205,927,220,627,1697,0.271533333333333,4.04866666666667,51,85,3,1021,75,48,223,3
carrocl02,N,17,27,0,0,1,7,0,0,7,65,0,30,0,3,0.129807692307692,60,310,11,24,96,73,1,0,143,1296,442,67,442,681,0.252235294117647,3.09352941176471,41,37,5,506,56,24,54,1
chandsp01,N,53,110,18,2,9,45,0,1,20,154,0,33,0,9,0.200729927007299,106,385,10,28,109,43,109,26,6,1327,468,64,463,614,0.25,3.20272727272727,20,19,5,549,0,0,0,7
chaseha01,N,980,2158,322,124,57,941,363,15,276,580,0,216,0,0,0.290953215585816,18346,1131,423,945,0,0,0,0,0,0,0,0,0,0,,0,0,0,0,0,0,0,0,9
clarkjo01,Y,254,432,73,26,24,232,31,0,81,382,0,4,0,0,0.218844984802432,239,1151,178,45,328,178,485,37,5,4295,1417,159,1191,1978,,3.02307692307692,182,80,0,2384,0,0,0,1
clemero02,N,5,31,6,0,0,12,0,0,13,61,0,18,1,3,0.173184357541899,320,575,25,31,354,184,118,46,0,4185,1707,363,1580,4672,0.230833333333333,3.22083333333333,143,159,20,1885,119,103,329,22
cobbty01,Y,2247,4189,724,295,117,1944,896,178,1249,608,0,292,0,0,0.366299405386499,6507,410,278,113,0,0,0,0,1,6,2,0,2,0,0.2,2.25,0,0,0,2,0,0,0,31
colavro01,N,971,1730,283,21,374,1159,19,27,951,880,58,16,60,182,0.266031062586499,3407,124,74,31,1,0,0,0,0,1,0,0,5,2,0.055,0,0,0,1,0,0,0,0,1
conceda01,N,993,2326,389,48,101,950,321,109,736,1186,93,74,86,266,0.26665138140548,4245,7024,326,1390,0,0,0,0,0,2,0,0,0,1,0.333,0,0,0,0,0,0,0,0,11
coneda01,N,28,64,9,0,0,22,0,1,16,91,0,38,1,8,0.155339805825243,220,271,28,17,194,126,56,22,1,2504,1115,258,1137,2668,0.237210526315789,3.72842105263158,149,106,32,1222,76,82,138,3
coombja01,N,123,261,34,10,4,100,21,2,59,154,0,23,0,0,0.235135135135135,258,516,25,25,158,110,187,35,8,2034,717,38,841,1052,0.26,3.49142857142857,54,88,1,925,0,0,0,3
coopemo01,N,50,127,16,0,6,68,0,0,23,118,0,43,0,14,0.194189602446483,50,270,16,20,128,75,128,33,14,1666,607,85,571,913,0.298461538461538,3.29416666666667,28,28,7,703,0,0,0,11
coopewi01,N,111,293,34,17,6,106,12,9,47,140,0,38,0,0,0.23879380603097,102,785,42,27,216,178,279,35,14,3415,1119,103,853,1252,0.26875,3.435,44,100,0,1406,0,0,0,5
covelst01,Y,70,168,26,10,1,81,0,1,53,304,0,72,0,0,0.158790170132325,174,851,29,45,215,142,224,38,21,3055,990,66,802,981,0.259285714285714,3.13571428571429,35,30,1,1237,0,0,0,3
cramedo01,N,1357,2705,396,109,37,842,62,73,572,345,0,180,0,99,0.295951859956236,5413,174,118,38,0,0,0,0,0,3,2,0,3,1,0.21,4.5,0,0,0,2,0,0,0,2
crowdal01,N,66,164,18,5,0,59,0,1,37,77,0,44,0,0,0.193624557260921,56,387,7,22,167,115,150,16,22,2453,1072,136,800,799,0.271428571428571,4.585,20,16,3,1204,0,0,0,5
cuellmi01,N,37,76,8,4,7,33,0,0,9,304,0,43,2,5,0.114977307110439,108,453,30,33,185,130,172,36,11,2538,979,222,822,1632,0.270133333333333,5.146,53,12,6,1130,94,45,91,3
darkal01,N,1064,2089,358,72,126,757,59,27,430,534,20,95,31,134,0.289375259731265,3174,4854,342,1012,0,0,0,0,0,1,2,1,1,0,0.25,18,0,0,0,2,0,0,0,4
darliro01,N,39,76,21,2,2,21,1,0,15,175,0,65,1,2,0.144486692015209,177,391,37,37,136,116,37,13,0,2244,1016,239,906,1590,0.258733333333333,4.186,97,59,24,1139,95,73,166,1
davalvi01,N,510,1122,160,37,36,329,125,58,212,422,29,32,25,43,0.279312920089619,2389,82,36,45,0,0,0,0,0,2,1,0,2,0,1,,0,0,0,1,0,0,0,1
daviscu01,N,70,165,17,0,11,81,1,0,28,176,0,63,0,19,0.202952029520295,146,616,21,39,158,131,141,24,33,2459,884,142,479,684,0.276666666666667,4.25,20,47,2,1033,0,0,0,2
davisma01,N,16,26,3,4,1,9,1,1,8,54,0,24,0,0,0.155688622754491,29,151,16,10,51,84,4,2,96,1068,530,129,534,1007,0.255722222222222,4.67888888888889,63,28,12,582,60,44,90,5
deandi01,Y,76,161,23,4,8,76,5,0,9,104,0,39,0,12,0.224546722454672,76,283,15,15,150,83,154,26,30,1919,661,95,453,1163,0.2525,3.93666666666667,12,27,5,774,0,0,0,14
dempsri01,N,525,1093,223,12,96,471,20,19,592,736,13,63,42,131,0.232949701619778,7402,771,100,114,0,0,0,0,0,3,1,0,1,0,0.333,4.5,0,0,0,1,0,0,0,2
dennyjo01,N,44,97,9,2,0,29,9,5,19,164,0,63,3,4,0.170175438596491,179,451,32,46,123,108,62,18,0,2093,856,137,778,1146,0.256857142857143,3.445,68,54,12,967,82,46,250,3
derripa01,N,70,220,30,3,2,102,0,0,16,219,0,77,0,27,0.174603174603175,153,656,26,30,223,212,251,32,29,3912,1401,158,761,1507,0.27375,3.53125,50,32,2,1652,0,0,0,9
donlimi01,N,669,1282,176,97,51,543,213,0,312,311,0,96,0,0,0.332641411520498,2416,165,176,60,0,1,0,0,0,16,13,1,14,6,,3.815,0,1,0,15,0,0,0,3
donovbi01,N,142,251,30,11,7,95,36,0,77,321,0,55,0,0,0.192780337941628,385,684,65,29,185,139,289,35,8,2631,886,30,1059,1552,0.226,2.82722222222222,69,90,0,1212,0,0,0,1
drabedo01,N,42,119,17,3,2,46,0,1,17,207,0,66,2,5,0.166201117318436,266,342,29,20,155,134,53,21,0,2448,1052,246,704,1594,0.257307692307692,3.95846153846154,80,53,6,1141,97,69,177,3
drysddo01,Y,96,218,26,7,29,113,0,2,60,370,0,69,6,34,0.186484174508127,188,686,59,55,209,166,167,49,6,3084,1124,280,855,2486,0.24,3.04714285714286,82,154,10,1292,0,0,0,4
dykesji01,N,1108,2256,453,90,108,1071,70,55,958,850,0,228,0,0,0.280387770320656,4901,5139,429,731,0,0,0,0,1,2,1,0,1,0,0.33,4.5,0,0,0,1,0,0,0,1
earnsge01,N,61,162,29,4,3,70,1,0,20,125,0,44,0,5,0.230113636363636,71,371,30,17,127,93,115,18,12,1981,933,142,809,1002,0.277272727272727,5.02818181818182,55,25,2,1063,0,0,0,6
eckerde01,Y,9,24,3,0,3,12,0,0,9,84,0,5,1,1,0.132596685082873,208,365,31,20,197,171,100,20,390,3076,1278,347,738,2401,0.24252,3.4704,28,75,16,1382,109,93,146,9
ehmkeho01,N,71,210,38,6,0,73,5,1,26,111,0,53,0,0,0.20812685827552,143,853,44,35,166,166,199,20,14,2873,1174,103,1042,1030,0.881875,4.305625,28,137,8,1425,0,0,0,1
faberre01,Y,98,170,21,2,3,70,7,0,169,479,0,104,0,0,0.133963750985028,130,1108,71,33,254,213,273,29,28,4106,1430,111,1213,1471,0.264,3.225,52,103,2,1813,0,0,0,2
facero01,N,9,31,3,0,0,7,0,0,2,47,0,18,0,3,0.15979381443299,104,212,14,15,104,95,6,0,193,1347,531,141,362,877,0.268235294117647,3.15823529411765,32,14,2,591,0,0,0,1
falkecy01,N,49,117,11,4,1,47,7,0,39,254,0,43,0,0,0.151750972762646,100,727,52,26,130,123,180,27,8,2090,678,23,690,1164,5.12833333333333,2.85,93,69,0,960,0,0,0,1
fellebo01,Y,99,193,28,13,8,99,1,2,100,505,0,100,0,15,0.150546021840874,146,510,25,28,266,162,279,44,21,3271,1384,224,1764,2581,0.229444444444444,3.38222222222222,75,60,13,1557,0,0,0,18
ferrewe01,N,175,329,57,12,38,208,2,0,129,185,0,40,0,0,0.279761904761905,153,533,17,31,193,128,227,17,13,2845,1177,132,1040,985,0.291764705882353,5.95529411764706,35,23,6,1382,0,0,0,10
fingero01,Y,10,31,3,0,2,9,0,0,3,45,0,18,0,2,0.172222222222222,108,253,14,23,114,118,4,2,341,1474,549,123,492,1299,0.254058823529412,4.31470588235294,40,39,7,615,78,64,75,11
finlech01,N,3,3,1,0,0,1,0,0,0,26,0,6,0,1,0.0566037735849057,122,325,46,25,200,173,63,15,0,3069,1366,304,1332,2610,0.255444444444444,3.92833333333333,130,76,22,1517,104,85,305,2
finlest01,N,1443,2548,449,124,304,1167,320,118,844,1299,69,91,75,152,0.271150367138448,5664,134,72,38,0,0,0,0,0,0,0,0,1,0,0,0,0,1,0,0,0,0,1,5
fisheed02,N,11,30,5,1,0,8,0,0,10,97,0,19,0,6,0.121951219512195,107,262,17,17,85,70,7,2,81,1398,583,149,438,812,0.241722222222222,3.57722222222222,53,27,1,659,15,14,9,1
fitzsfr01,N,112,231,35,7,14,103,0,0,36,177,0,58,0,15,0.2,237,942,28,79,217,146,186,29,13,3335,1257,186,846,870,0.2705,4.1565,58,33,3,1505,0,0,0,1
flanami01,N,0,0,0,0,0,0,0,0,0,0,0,0,0,0,,89,430,11,26,167,143,101,19,4,2806,1199,251,890,1491,0.270263157894737,4.06894736842105,84,41,12,1301,110,76,301,3
fonsele01,N,518,1075,203,50,31,485,64,36,186,199,0,111,0,0,0.315804935370153,4799,1459,109,507,0,0,0,0,0,0,0,0,0,0,0,0,0,0,0,0,0,0,0,1
fordwh01,Y,91,177,19,0,3,69,3,2,113,224,0,65,4,10,0.173020527859238,173,630,33,49,236,106,156,45,10,2766,967,228,1086,1956,0.23125,2.6725,75,28,5,1107,0,0,0,10
forscbo01,N,77,190,45,8,12,84,3,1,27,249,0,115,5,14,0.212765957446809,234,405,18,35,168,136,67,19,3,2777,1169,216,832,1133,0.268058823529412,4.03176470588235,93,45,18,1319,106,101,270,2
foxxji01,Y,1751,2646,458,125,534,1922,87,72,1452,1311,0,71,0,69,0.325301204819277,17797,1562,192,1553,1,0,0,0,0,13,4,0,14,11,0.085,0.795,0,1,0,4,0,0,0,22
francjo01,N,2,3,0,0,0,1,0,0,0,14,0,3,0,0,0.0882352941176471,63,234,11,13,90,87,0,0,424,1166,400,81,495,975,0.253952380952381,3.13380952380952,54,22,9,466,82,31,116,6
gaettga01,N,1130,2280,443,39,360,1341,96,65,634,1602,57,32,104,236,0.254720143000782,2607,4623,237,548,0,0,0,0,0,5,2,1,1,1,0.433333333333333,6,0,1,0,2,0,0,0,6
gagneer01,N,5,12,2,1,1,3,0,1,1,25,0,12,0,2,0.13953488372093,38,64,1,4,33,26,0,0,187,518,248,76,226,718,0.197636363636364,3.12818181818182,18,33,1,268,24,15,32,6
gibsobo01,Y,132,274,44,5,24,144,13,10,63,415,0,72,18,13,0.206325301204819,291,484,42,46,251,174,255,56,6,3279,1258,257,1336,3117,0.231941176470588,3.14588235294118,108,102,13,1420,62,43,46,19
giustda01,N,29,77,10,2,4,46,0,0,23,99,0,27,0,5,0.186893203883495,134,264,15,11,100,93,35,9,145,1654,687,126,570,1103,0.2526875,3.63625,87,15,7,764,47,23,27,1
glavito02,Y,93,246,25,2,1,90,1,0,101,329,0,216,3,14,0.1859410430839,262,856,26,67,305,203,56,25,0,4298,1734,356,1500,2607,0.259772727272727,3.70636363636364,65,66,7,1900,228,113,420,14
gomezle01,Y,59,133,11,0,0,58,1,1,50,252,0,68,0,5,0.14712389380531,56,393,20,20,189,102,173,28,9,2290,930,138,1095,1468,0.246428571428571,3.92857142857143,39,19,0,1091,0,0,0,11
goodedw01,N,60,145,15,5,8,67,1,1,14,135,0,85,6,13,0.195681511470985,224,423,34,35,194,112,68,24,3,2564,1091,210,954,2293,0.257944444444444,4.225,76,78,33,1198,84,68,197,6
gordoto01,N,0,0,0,0,0,0,0,0,0,0,0,0,0,0,0,185,268,20,23,138,126,18,4,158,1889,927,176,977,1928,0.244318181818182,4.72272727272727,112,38,5,1016,58,69,163,2
gossari01,Y,1,9,1,0,0,2,0,0,4,37,0,4,0,2,0.105882352941176,78,180,21,11,124,107,16,0,310,1497,605,119,732,1502,0.233304347826087,3.2,63,47,5,670,106,67,124,3
gracema01,N,1179,2445,511,45,173,1146,70,48,1075,642,114,17,99,192,0.303161810291383,18503,1665,110,1533,0,0,0,0,0,1,1,1,0,0,0.25,9,0,0,0,1,0,0,0,4
grantmu01,N,80,135,25,2,6,65,2,1,37,214,0,48,7,14,0.177865612648221,162,376,19,40,145,119,89,18,53,2292,985,292,849,1267,0.247333333333333,3.60555555555556,60,33,3,1105,15,2,0,2
grimebu01,Y,157,380,62,11,2,168,15,4,69,241,0,76,0,1,0.247557003257329,225,1252,71,74,270,212,314,35,18,4412,1638,148,1295,1512,0.269130434782609,3.95304347826087,92,97,12,2048,0,0,0,11
gromest01,N,58,124,9,2,0,40,2,0,71,146,0,40,0,13,0.196825396825397,126,248,13,20,123,108,92,17,23,1940,782,186,630,904,0.255,3.955,18,68,3,893,0,0,0,1
grovele01,N,119,202,27,5,15,121,1,1,105,593,0,103,0,1,0.147552958363769,65,722,38,26,300,141,298,35,55,3849,1339,162,1187,2266,0.253529411764706,3.26411764705882,51,42,1,1594,0,0,0,26
guidrro01,N,4,0,0,0,0,0,0,0,0,0,0,0,0,0,,107,307,8,19,170,91,95,26,4,2198,874,226,633,1778,0.248928571428571,3.54142857142857,56,13,8,953,70,65,172,13
haddiha01,N,95,169,37,9,4,64,4,0,46,162,0,20,5,15,0.211779448621554,115,358,21,24,136,113,99,20,21,2154,901,240,601,1575,0.246,3.65266666666667,58,43,3,1012,0,0,0,3
haineje01,Y,76,209,23,2,3,79,2,0,30,246,0,59,0,1,0.185943060498221,108,651,27,32,210,158,208,24,10,3460,1298,165,871,981,0.277368421052632,3.63947368421053,55,57,6,1556,0,0,0,2
hallabi01,N,43,90,14,1,2,32,1,0,36,199,0,46,0,8,0.161579892280072,67,330,32,19,102,94,90,14,8,1838,779,71,779,856,0.278461538461538,4.31384615384615,71,8,4,915,0,0,0,2
hamptmi01,N,97,178,22,5,16,79,3,4,47,195,0,63,5,12,0.24551724137931,144,476,27,42,148,115,21,9,1,2370,1024,200,901,1387,0.276375,4.170625,75,49,13,1157,107,69,289,9
hardeme01,N,89,199,38,5,4,93,2,0,39,369,0,69,0,11,0.165419783873649,209,734,45,38,223,186,181,25,23,3706,1447,161,1118,1160,0.2755,4.0625,33,59,2,1714,0,0,0,2
henketo01,N,0,0,0,0,0,0,0,0,0,0,0,0,0,0,0,43,67,2,4,41,42,0,0,311,607,234,64,255,861,0.220571428571429,2.775,30,9,3,252,27,30,36,1
hentgpa01,N,4,9,0,0,0,0,0,0,4,25,0,9,0,2,0.107142857142857,131,237,14,22,131,112,34,10,1,2111,996,269,775,1290,0.263428571428571,4.575,66,49,10,1076,57,60,171,3
hernali01,N,64,215,38,2,10,85,0,0,10,130,0,123,3,34,0.220966084275437,211,601,15,65,178,177,50,9,1,3525,1572,362,1066,1976,0.288772727272727,4.55954545454545,41,78,13,1686,174,118,299,3
hernawi01,N,4,13,2,0,0,3,2,0,1,29,0,6,0,0,0.206349206349206,58,169,4,12,70,63,0,0,147,952,392,97,349,788,0.250714285714286,3.59214285714286,37,25,10,431,65,36,72,4
hershor01,N,65,163,29,2,0,50,8,3,27,182,0,101,6,7,0.201234567901235,332,569,51,44,204,150,68,25,5,2939,1211,235,1007,2014,0.257055555555556,4.05722222222222,121,117,23,1366,124,73,314,10
hillejo01,N,2,11,1,0,0,4,0,0,3,34,0,4,0,1,0.108910891089109,45,136,8,5,87,76,13,6,125,1040,391,110,535,1036,0.235133333333333,3.148,39,12,1,438,56,45,57,2
hoffmtr01,Y,1,4,2,0,0,5,0,0,0,11,0,2,0,0,0.117647058823529,66,83,4,5,61,75,0,0,601,846,347,100,307,1133,0.212631578947368,2.92631578947368,49,9,0,378,32,30,60,8
holtzke01,N,35,99,19,1,2,34,0,0,17,170,0,40,1,11,0.163097199341021,117,471,26,27,174,150,127,31,3,2787,1111,249,910,1601,0.257058823529412,3.68470588235294,98,49,2,1273,76,47,116,1
hoopeha01,Y,1429,2466,389,160,75,817,375,121,1136,492,0,247,0,0,0.280705748434832,3981,344,151,81,0,0,0,0,0,2,0,0,1,0,0.33,0,0,0,0,0,0,0,0,1
hootobu01,N,42,92,18,0,4,49,0,1,44,243,0,117,2,6,0.122994652406417,165,373,16,21,151,136,86,29,7,2497,996,193,799,1491,0.251875,3.675625,62,20,4,1112,125,76,158,1
houttar01,N,37,99,12,1,2,37,2,1,14,77,0,38,1,15,0.192982456140351,105,339,17,28,87,91,78,14,20,1646,715,136,516,639,0.300714285714286,5.85071428571429,15,40,1,810,0,0,0,1
hoytwa01,Y,96,255,26,11,0,100,0,1,40,161,0,91,0,10,0.198135198135198,153,842,35,41,237,182,226,26,52,4037,1500,154,1003,1206,0.2676,3.7704,39,49,5,1780,0,0,0,3
hraboal01,N,4,8,0,1,0,6,0,0,4,17,0,8,0,0,0.142857142857143,20,58,8,4,64,35,0,0,97,619,249,50,315,548,0.227846153846154,2.76692307692308,36,13,1,284,41,39,45,1
hubbeca01,Y,95,246,30,2,4,101,1,0,33,172,0,75,0,12,0.190993788819876,155,824,33,55,253,154,260,36,33,3461,1188,227,725,1677,0.248125,3.13625,53,53,1,1380,0,0,0,22
hunteca01,Y,60,149,16,3,6,51,2,0,8,160,0,39,5,10,0.22644376899696,225,319,23,16,224,166,181,42,1,2958,1248,374,954,2012,0.233333333333333,3.476,49,49,7,1380,86,73,77,3
jacksda02,N,28,54,12,2,0,28,0,2,10,219,0,54,1,2,0.126168224299065,105,285,30,17,112,131,44,15,1,2110,923,133,816,1225,0.280588235294118,4.64764705882353,47,50,12,1061,117,68,208,2
jenkife01,Y,54,148,27,6,13,85,0,1,41,326,0,66,7,9,0.165178571428571,363,660,49,45,284,226,267,49,7,4142,1669,484,997,3192,0.2418,3.389,62,84,18,1853,131,106,166,5
johnsra05,Y,20,78,14,0,1,40,0,0,19,296,0,44,1,10,0.1248,90,448,57,18,303,166,100,37,2,3346,1513,411,1497,4875,0.225166666666667,3.48083333333333,109,190,33,1703,131,89,251,13
johnswa01,Y,241,547,94,41,24,255,13,4,110,339,0,70,0,0,0.235370051635112,292,1352,53,72,417,279,531,110,34,4913,1424,97,1363,3509,0.228823529411765,2.34809523809524,155,203,4,1902,0,0,0,33
johnto01,N,43,141,13,0,5,54,0,0,33,211,0,93,3,20,0.156666666666667,237,1028,49,69,288,231,162,46,4,4783,1749,302,1259,2245,0.271178571428571,3.48892857142857,187,98,16,2017,156,78,383,3
jonesdo01,N,0,1,0,0,0,0,0,0,1,4,0,0,0,0,0.142857142857143,60,152,21,14,69,79,0,0,303,1155,414,86,247,909,0.273166666666667,3.81111111111111,18,39,6,465,56,38,87,1
jonesra01,N,37,79,8,0,0,20,1,1,22,235,0,66,2,3,0.131886477462437,114,465,18,30,100,123,73,19,2,1915,735,129,503,735,0.2664,3.704,19,18,6,875,120,56,209,4
jonesto02,N,1,4,1,0,0,0,0,0,1,6,0,0,0,1,0.210526315789474,70,112,8,6,58,63,0,0,319,1072,473,93,443,868,0.269526315789474,4.16157894736842,43,38,1,518,48,38,117,2
jossad01,Y,46,118,21,6,1,51,10,0,54,297,0,39,0,0,0.144430844553244,185,848,36,24,160,97,234,45,5,1888,488,19,364,920,,1.91555555555556,28,58,1,730,0,0,0,1
kaatji01,N,117,232,44,5,16,106,5,1,63,367,1,34,7,14,0.185451638689049,262,744,56,65,283,237,180,31,18,4620,1738,395,1083,2461,0.274321428571429,4.10071428571429,128,122,6,2038,93,80,194,19
keefeti01,Y,248,390,60,38,12,134,13,0,175,411,0,0,0,0,0.187229956793087,297,1079,174,31,342,225,554,39,2,4438,1474,75,1233,2564,,2.86,240,98,0,2470,0,0,0,1
kellyge01,Y,819,1778,337,76,148,1020,65,43,386,694,0,158,0,0,0.296679459369264,14690,1376,152,1197,1,0,0,0,0,4,0,0,1,2,0.21,0,0,0,0,0,0,0,0,5
keyji01,N,0,0,0,0,0,0,0,0,0,2,0,1,0,0,0,172,452,22,35,186,117,34,13,10,2518,1010,254,668,1538,0.262,3.74666666666667,50,38,12,1104,88,69,234,5
kindeel01,N,34,63,7,1,1,33,0,1,23,123,0,29,0,10,0.141891891891892,52,174,9,11,102,71,56,10,102,1421,564,118,539,749,0.226153846153846,2.98846153846154,11,9,2,627,0,0,0,2
kingmda01,N,901,1575,240,25,442,1210,85,49,608,1816,72,16,75,139,0.235884379212221,5835,693,174,408,0,0,0,0,0,3,4,0,6,4,0.2,9,2,0,0,4,0,0,0,2
koufasa01,Y,26,75,9,0,2,28,0,1,43,386,0,35,3,10,0.0966494845360825,64,228,14,13,165,87,137,40,9,1754,713,204,817,2396,0.208333333333333,3.14166666666667,87,18,7,806,0,0,0,22
kremera01,N,57,122,30,2,5,69,0,0,37,213,0,36,0,0,0.177583697234352,37,331,10,12,143,85,134,14,10,2108,816,122,483,516,0.282,4.385,23,29,2,950,0,0,0,3
kressre01,N,691,1454,298,58,89,799,47,56,474,453,0,97,0,18,0.285826616866522,3987,2945,343,748,0,0,0,0,0,13,13,1,6,6,0.33,12.49,0,1,0,14,0,0,0,1
langsma01,N,5,14,3,0,0,5,0,0,2,38,0,5,1,0,0.152173913043478,127,493,39,33,179,158,81,18,0,2723,1306,311,1289,2464,0.253882352941177,4.24705882352941,89,46,22,1438,89,81,248,7
larsedo01,N,65,144,25,5,14,72,0,3,43,138,0,11,3,15,0.241610738255034,95,244,17,22,81,91,44,11,26,1442,650,130,725,849,0.257058823529412,4.14470588235294,39,26,0,728,0,0,0,2
lasorto01,Y,0,1,0,0,0,0,0,0,0,4,0,0,0,1,0.0714285714285714,3,10,1,0,0,4,0,0,1,53,42,9,56,37,0.263333333333333,8.21666666666667,11,4,0,49,0,0,0,1
lawve01,N,96,191,35,7,11,90,1,0,41,179,0,63,7,24,0.216308040770102,213,453,19,41,162,147,119,28,13,2833,1118,268,597,1092,0.2725,3.969375,39,40,3,1274,0,0,0,4
leiteal01,N,15,45,7,1,0,16,0,0,35,290,0,48,0,10,0.0849056603773585,57,286,14,25,162,132,16,10,2,2152,1010,198,1163,1974,0.246666666666667,5.35809523809524,63,117,20,1101,109,62,210,3
lemonbo01,Y,148,274,54,9,37,147,2,1,93,241,0,49,3,9,0.231614539306847,298,713,33,80,207,128,188,31,22,2559,1024,181,1251,1277,0.246153846153846,3.42461538461538,63,57,2,1185,0,0,0,9
leonade01,N,0,0,0,0,0,0,0,0,0,0,0,0,0,0,,135,292,24,28,144,106,103,23,1,2137,898,202,622,1323,0.2555,3.59,73,52,6,1008,82,65,160,1
leonadu02,N,53,177,18,4,0,69,1,0,20,183,0,85,0,27,0.167931688804554,174,719,32,41,191,181,192,30,44,3304,1162,158,737,1170,0.2565,3.3175,97,56,6,1432,0,0,0,2
lidgebr01,N,0,2,1,0,0,2,0,0,0,4,0,0,0,0,0.285714285714286,23,48,5,4,26,32,0,0,225,492,237,57,287,799,0.237727272727273,4.16545454545455,46,34,3,257,32,11,28,3
lolicmi01,N,63,90,5,2,0,31,1,1,105,362,0,85,1,20,0.109622411693057,100,448,38,16,217,191,195,41,11,3366,1390,347,1099,2832,0.24625,3.43,124,92,8,1537,108,59,90,2
lonboji01,N,41,105,17,2,3,43,1,2,51,330,0,78,2,10,0.136363636363636,189,268,22,18,157,137,90,15,4,2400,1056,233,823,1475,0.263066666666667,4.40733333333333,73,105,9,1170,67,35,104,3
lucasre01,N,155,404,61,13,3,190,2,0,124,133,0,41,0,14,0.280750521195274,125,550,16,39,157,135,204,22,7,2736,1051,136,455,602,0.278,3.55533333333333,7,23,6,1198,0,0,0,2
luquedo01,N,96,237,31,10,5,90,7,4,70,114,0,65,0,1,0.227229146692234,188,787,43,36,194,179,206,26,28,3231,1161,113,918,1130,0.251,3.2595,50,26,5,1412,0,0,0,2
lylesp01,N,8,15,2,0,0,4,1,0,5,26,0,5,0,0,0.192307692307692,54,198,21,12,99,76,0,0,238,1292,445,84,481,873,0.250944444444445,2.98,66,14,10,519,83,47,94,2
lyonste01,Y,162,364,49,9,5,149,0,1,73,201,0,83,0,9,0.232885476647473,219,943,51,57,260,230,356,27,23,4489,1696,223,1121,1073,0.272380952380952,3.75523809523809,55,31,6,2056,0,0,0,8
maddugr01,Y,103,272,35,2,5,84,11,3,34,419,0,180,2,15,0.170961659333752,546,1194,53,98,355,227,109,35,0,4726,1756,353,999,3371,0.25528,3.3844,70,137,28,1981,274,119,422,31
maglisa01,N,29,76,5,1,2,29,1,0,20,180,0,57,2,13,0.134991119005329,96,280,10,26,119,62,93,25,14,1591,603,169,562,862,0.248571428571429,3.31714285714286,18,44,7,684,0,0,0,1
maricju01,Y,73,202,29,2,4,75,2,5,38,269,0,71,7,20,0.165438165438165,291,577,47,27,243,142,244,52,2,3153,1126,320,709,2303,0.2469375,3.713125,51,40,20,1329,44,26,15,5
marquru01,Y,63,198,17,3,1,64,6,1,33,208,0,48,0,0,0.178861788617886,63,697,39,27,201,177,197,30,19,3233,1130,107,858,1593,0.26,3.39315789473684,81,39,5,1443,0,0,0,1
marshmi01,N,11,35,1,0,1,16,0,0,17,33,0,18,2,2,0.195530726256983,105,283,15,25,97,112,3,1,188,1281,484,79,514,880,0.269647058823529,3.99823529411765,72,31,7,548,115,37,90,5
martipe01,N,754,1227,270,75,59,501,146,0,369,438,0,22,0,44,0.298032547971824,1692,775,124,58,0,0,0,0,0,2,1,0,2,0,0.18,2.25,0,0,0,1,0,0,0,3
martipe02,Y,22,43,6,2,0,18,0,0,15,190,0,63,3,5,0.0990783410138249,155,263,23,11,219,100,46,17,3,2221,919,239,760,3154,0.221,2.99833333333333,62,141,6,1006,74,63,148,12
mathech01,Y,151,362,50,12,7,165,20,1,116,218,0,69,0,0,0.214582098399526,313,1506,57,44,373,188,435,79,29,4219,1135,90,848,2507,0.27,2.64944444444444,115,59,8,1620,0,0,0,15
matlajo01,N,32,57,3,0,0,23,0,0,57,217,0,41,1,7,0.129251700680272,68,346,21,14,125,126,97,30,3,2276,835,161,638,1516,0.258307692307692,3.46307692307692,68,26,9,970,96,61,181,2
maysca01,N,113,291,32,21,5,110,1,1,66,116,0,44,0,0,0.268202764976959,174,1138,44,56,207,126,231,29,31,2912,979,73,734,862,0.25875,3.1425,34,89,1,1211,0,0,0,3
mcdanli01,N,19,56,11,0,3,17,0,0,8,159,0,25,0,4,0.148148148148148,127,447,22,28,141,119,18,2,172,2099,821,172,623,1361,0.256409090909091,3.66181818181818,112,15,5,934,35,23,33,2
mcdowja01,N,0,0,0,0,0,0,0,0,0,0,0,0,0,0,,139,245,13,12,127,87,62,13,0,1854,809,173,606,1311,0.263833333333333,4.22333333333333,63,48,5,874,61,48,124,4
mcdowsa01,N,34,119,7,2,2,36,0,1,16,306,0,56,4,6,0.15374677002584,80,328,33,23,141,134,103,23,14,1948,879,164,1312,2453,0.21675,3.369375,140,59,7,999,39,21,16,2
mcgratu01,N,14,39,7,0,1,18,0,0,10,57,0,21,1,2,0.182242990654206,75,219,23,16,96,92,5,1,180,1318,528,108,582,1109,0.237894736842105,3.45526315789474,63,22,4,597,80,37,81,1
mclaide01,N,32,82,5,2,1,31,1,0,25,244,0,64,4,10,0.133116883116883,154,212,13,15,131,91,105,29,2,1646,711,242,548,1282,0.246,4.07909090909091,27,26,9,778,19,18,0,8
mcnalda01,N,49,97,23,0,9,43,0,0,58,340,0,58,1,4,0.132694938440492,97,417,21,37,184,119,120,33,2,2488,982,230,826,1512,0.2355,3.21928571428571,59,72,11,1070,69,28,66,1
mesajo01,N,1,0,0,0,0,0,0,0,1,1,0,1,0,0,0,112,197,17,11,80,109,6,2,321,1629,750,151,651,1038,0.272227272727273,4.62818181818182,75,55,5,811,64,62,150,2
messean01,N,49,124,30,0,5,54,1,0,46,212,0,46,4,6,0.170096021947874,136,318,41,15,130,99,98,27,15,1719,709,174,831,1625,0.21625,3.25916666666667,70,40,7,812,87,36,80,3
montgje01,N,0,0,0,0,0,0,0,0,0,1,0,0,0,0,0,86,103,6,9,46,52,0,0,304,785,316,81,296,733,0.250230769230769,3.70076923076923,33,26,10,347,39,22,68,2
morrija02,Y,4,0,0,0,0,0,0,0,0,0,0,0,0,0,0,387,413,29,36,254,186,175,28,0,3567,1657,389,1390,2478,0.249555555555556,4.00722222222222,206,58,27,1815,113,114,299,5
moyerja01,N,24,51,5,0,0,15,0,0,35,152,0,64,2,5,0.1275,279,644,22,48,269,209,33,10,0,4231,1926,522,1155,2441,0.272222222222222,4.40703703703704,57,146,12,2076,146,106,332,5
musiast01,Y,1949,3630,725,177,475,1951,78,31,1599,696,127,35,53,243,0.330842143638352,12439,818,142,962,0,0,0,0,0,0,0,0,0,0,0,,0,0,0,0,0,0,0,34
mussimi01,N,3,9,1,0,0,5,0,0,1,9,0,1,0,0,0.173076923076923,231,497,15,37,270,153,57,23,0,3460,1458,376,785,2813,0.255555555555556,3.70222222222222,71,60,1,1559,90,82,293,8
myersra01,N,5,11,3,0,0,7,0,0,3,33,0,5,0,2,0.183333333333333,27,92,5,2,44,63,1,0,347,758,314,69,396,884,0.222533333333333,3.24866666666667,32,12,2,338,50,33,58,5
nehfar01,N,90,192,29,5,8,76,7,3,86,122,0,41,0,0,0.20983606557377,144,749,22,48,184,120,182,28,13,2715,964,107,640,844,0.266666666666667,3.64166666666667,34,40,3,1164,0,0,0,1
nenro01,N,0,1,0,0,0,0,0,0,0,4,0,0,0,0,0.0666666666666667,44,69,7,8,45,42,0,0,314,607,237,51,260,793,0.234,3.42363636363636,36,7,3,266,25,17,52,1
newcodo01,N,94,238,33,3,15,108,2,1,87,147,1,17,3,17,0.271070615034169,159,313,18,27,149,90,136,24,7,2102,852,252,490,1129,0.263333333333333,4.01833333333333,22,30,3,956,0,0,0,7
newhoha01,Y,71,201,22,2,2,81,3,3,89,150,0,72,0,24,0.201201201201201,135,611,22,40,207,150,212,33,26,2674,1016,137,1249,1796,0.231176470588235,3.37176470588235,65,19,7,1197,0,0,0,19
newsobo01,N,86,253,28,3,1,102,1,1,17,266,0,86,0,30,0.18922961854899,112,534,28,32,211,222,246,31,21,3769,1664,206,1732,2082,0.265172413793103,4.08724137931034,60,61,7,1908,0,0,0,3
niekrjo01,N,55,152,26,1,1,72,1,0,38,262,0,147,6,17,0.156217882836588,253,532,25,41,221,204,107,29,16,3466,1431,276,1262,1747,0.26236,4.0444,172,65,8,1620,106,96,200,2
niekrph01,Y,80,260,42,1,7,109,0,1,17,314,0,129,12,35,0.169160702667534,386,878,37,83,318,274,245,45,29,5044,2012,482,1809,3342,0.257038461538462,4.09846153846154,226,123,42,2337,167,87,292,7
nolanga01,N,36,73,9,4,1,32,0,0,38,211,0,56,1,8,0.137996219281664,95,189,3,11,110,70,45,14,0,1505,573,146,413,1039,0.245636363636364,3.70090909090909,26,14,10,623,40,27,24,1
nomohi01,N,22,65,14,1,4,26,0,0,13,222,0,44,1,4,0.134020618556701,115,180,13,17,123,109,16,9,0,1768,932,251,908,1918,0.260384615384615,5.71461538461539,109,38,17,993,94,50,98,1
odoulle01,N,624,1140,175,41,113,542,36,0,333,122,0,39,0,10,0.349264705882353,1594,61,62,6,1,1,0,0,0,104,42,2,49,19,0.315,4.33,2,5,0,71,0,0,0,4
palmeji01,Y,52,85,9,1,3,41,1,0,16,207,0,31,1,1,0.173824130879346,292,577,34,53,268,152,211,53,4,3349,1253,303,1311,2212,0.235368421052632,3.32210526315789,85,38,11,1395,115,75,195,15
pennohe01,Y,108,232,33,4,4,103,1,0,94,172,0,111,0,0,0.191103789126853,101,824,26,45,240,162,247,35,32,3900,1428,128,916,1227,0.278695652173913,4.05608695652174,65,36,6,1692,0,0,0,5
perraro01,N,6,16,1,1,0,3,0,0,10,92,0,13,0,1,0.0958083832335329,45,222,18,12,79,74,0,0,179,1097,364,50,468,687,0.2592,3.30133333333333,28,24,4,442,19,9,2,2
perryga01,Y,48,141,17,0,6,47,0,0,22,369,0,113,3,20,0.131040892193309,349,877,38,58,314,265,303,53,11,4938,1846,399,1379,3534,0.25396,3.396,160,108,6,2128,146,84,239,4
perryji01,N,73,177,22,3,5,59,0,1,32,179,0,51,5,19,0.199100112485939,191,506,29,33,215,174,109,32,10,3127,1258,308,998,1576,0.251578947368421,3.67263157894737,55,80,3,1407,52,41,44,2
piercbi02,N,94,203,13,4,0,69,1,2,65,232,0,83,1,24,0.184210526315789,124,487,28,32,211,169,193,38,32,2989,1201,284,1178,1999,0.231666666666667,3.335,48,30,10,1325,0,0,0,4
planked01,Y,130,331,39,7,3,122,13,1,71,230,0,76,0,0,0.205973864343497,229,1108,40,37,326,194,410,69,23,3958,1174,42,1072,2246,1.63142857142857,2.34117647058823,87,191,6,1563,0,0,0,4
podrejo01,N,61,145,19,1,2,50,1,2,32,108,0,43,11,14,0.190288713910761,80,313,18,24,148,116,77,24,11,2239,925,242,743,1435,0.273125,4.3125,66,28,8,1026,0,0,0,2
portebo01,N,34,95,15,1,6,43,1,0,20,123,0,25,5,14,0.184108527131783,80,280,15,15,87,97,92,23,8,1571,660,113,552,572,0.26375,5.2575,21,14,3,732,0,0,0,2
quiseda01,N,0,1,0,0,0,1,0,0,1,1,0,0,0,0,0.166666666666667,97,264,13,22,56,46,0,0,244,1064,320,59,162,379,0.285846153846154,3.75923076923077,4,7,5,356,49,40,130,10
radboch01,Y,308,585,64,11,9,259,26,0,158,244,0,0,0,0,0.235223160434258,443,1047,170,59,310,194,488,35,2,4328,1347,118,875,1830,,2.89272727272727,214,54,0,2273,0,0,0,1
raschvi01,N,45,112,15,1,1,50,0,0,47,145,0,63,0,17,0.184210526315789,84,259,8,20,132,66,106,26,3,1666,752,139,727,944,0.269090909090909,5.46545454545455,44,26,8,828,0,0,0,6
reardje01,N,0,5,1,0,0,2,0,0,1,38,0,7,0,0,0.087719298245614,44,75,11,4,73,77,0,0,367,1000,397,109,358,877,0.239944444444444,3.29388888888889,20,27,4,426,58,34,46,3
reuscri01,N,82,187,35,4,4,79,3,5,46,317,0,135,5,11,0.167713004484305,328,667,29,39,214,191,102,26,5,3588,1330,221,935,2015,0.269190476190476,3.49428571428571,89,88,10,1494,167,120,305,4
reynoal01,N,56,140,19,4,1,79,1,0,61,186,0,58,0,28,0.163360560093349,111,349,32,22,182,107,137,36,49,2193,915,133,1261,1423,0.234615384615385,3.07076923076923,59,57,6,1026,0,0,0,3
rhoderi01,N,58,181,38,0,9,75,0,1,17,114,0,47,5,20,0.23784494086728,173,386,6,23,151,125,69,17,1,2606,1036,198,801,1419,0.2585625,3.755,80,39,31,1143,105,66,223,3
ricesa01,Y,1514,2987,498,184,34,1078,351,143,708,275,0,213,0,0,0.322256985651095,4775,291,185,68,1,1,1,0,0,31,11,0,19,12,0.22,2.475,1,0,0,18,0,0,0,1
righeda01,N,0,2,0,0,0,1,0,0,0,6,0,5,0,0,0.181818181818182,35,150,12,10,82,79,13,2,252,1287,540,95,591,1112,0.253529411764706,4.46411764705882,40,21,19,602,66,41,122,5
rijojo01,N,25,85,13,0,2,29,2,1,8,101,0,58,0,4,0.191011235955056,144,248,14,12,116,91,22,4,3,1710,676,147,663,1606,0.252857142857143,3.48785714285714,30,28,28,772,81,45,119,2
rixeyep01,Y,95,291,33,4,3,111,2,2,49,220,0,87,0,2,0.19119579500657,131,1195,30,56,266,251,290,37,14,4633,1572,92,1082,1350,0.269047619047619,3.23761904761905,97,76,10,1986,0,0,0,4
roberro01,Y,107,255,55,10,5,103,3,1,135,372,0,108,6,37,0.167213114754098,316,601,31,45,286,245,305,45,25,4582,1774,505,902,2357,0.256666666666667,3.55571428571429,33,54,3,1962,0,0,0,8
roepr01,N,37,68,3,0,1,28,0,0,38,215,0,63,0,7,0.109677419354839,90,295,10,26,127,84,101,17,10,1907,730,199,504,956,0.2725,4.50916666666667,15,17,1,799,0,0,0,2
rogerke01,N,5,9,1,1,0,4,1,0,4,25,0,5,0,1,0.136363636363636,258,743,44,65,219,156,36,9,28,3457,1568,339,1175,1968,0.268904761904762,4.27047619047619,79,127,23,1739,94,92,349,5
rogerst01,N,47,122,8,2,0,39,1,2,61,268,0,101,1,10,0.138479001135074,237,462,31,37,158,152,129,37,2,2619,1001,151,876,1621,0.251846153846154,3.31538461538462,87,43,8,1122,153,70,246,1
rojasco01,N,713,1660,254,25,54,593,74,68,396,489,30,87,59,181,0.263116183230306,3466,3965,134,971,0,0,0,0,0,1,0,0,0,0,0.2,0,0,0,0,0,0,0,0,1
rommeed01,N,80,164,23,6,1,59,1,3,62,102,0,70,0,0,0.198547215496368,165,810,32,51,171,119,147,18,29,2729,1006,138,724,599,0.275384615384615,3.62230769230769,34,31,5,1213,0,0,0,3
rootch01,N,86,196,46,7,11,93,1,0,44,329,0,54,0,9,0.180478821362799,95,506,15,21,201,160,177,21,40,3252,1274,187,889,1459,0.265294117647059,3.78529411764706,22,79,3,1467,0,0,0,3
rowesc01,N,116,239,36,9,18,153,3,2,86,157,0,25,0,12,0.262926292629263,97,421,14,24,158,101,137,22,12,2332,955,132,558,913,0.266875,3.940625,22,27,5,1075,0,0,0,3
ruckena01,N,44,157,10,6,1,44,2,0,22,117,0,31,0,0,0.195031055900621,55,625,24,18,134,134,186,38,14,2089,639,41,701,1217,0.248333333333333,2.425,43,73,2,822,0,0,0,7
ruffire01,N,207,521,98,13,36,273,1,1,97,266,0,43,0,13,0.268972638100155,155,677,27,51,273,225,335,45,16,4284,1833,254,1541,1987,0.257826086956522,4.01782608695652,46,58,7,2117,0,0,0,8
rusieam01,Y,209,429,42,29,8,176,25,0,27,186,0,2,0,0,0.247976878612717,200,877,127,35,246,174,393,30,5,3389,1288,75,1707,1950,,3.717,153,112,1,2068,0,0,0,1
russeje01,N,3,11,3,0,1,10,0,0,5,33,0,7,1,1,0.139240506329114,71,192,10,17,56,73,11,2,186,1065,458,100,415,693,0.247,3.5725,46,28,12,525,32,41,112,2
ruthba01,Y,2174,2873,506,136,714,2217,123,117,2062,1330,0,113,0,2,0.342105263157895,4787,569,179,86,94,46,107,17,4,974,309,10,441,488,0.25,3.68,25,29,4,398,0,0,0,33
ryanno01,Y,40,94,10,2,2,36,3,3,38,371,0,65,2,11,0.110328638497653,220,547,90,27,324,292,222,61,3,3923,1911,321,2795,5714,0.208777777777778,3.69407407407407,277,158,33,2178,191,140,263,2
saberbr01,N,13,23,4,0,0,1,0,0,13,49,0,24,0,1,0.121052631578947,203,415,24,26,167,117,76,16,1,2452,952,218,471,1715,0.260058823529412,3.81235294117647,53,59,12,1036,89,68,167,9
sainjo01,N,69,190,28,4,3,101,0,0,24,20,0,56,0,25,0.245478036175711,127,371,19,18,139,116,140,16,51,2145,824,180,619,910,0.260769230769231,3.93384615384615,20,30,8,947,0,0,0,5
santajo01,N,11,40,12,1,1,9,0,0,9,78,0,22,0,1,0.161290322580645,98,232,19,16,139,78,15,10,1,1726,721,220,567,1988,0.236583333333333,3.53,68,36,12,773,58,38,122,7
schilcu01,N,39,117,13,1,0,29,1,1,25,270,0,102,1,8,0.151358344113842,183,297,22,19,216,146,83,20,22,2998,1253,347,711,3116,0.25352380952381,3.96761904761905,72,52,8,1318,123,76,193,11
schmija01,N,29,63,9,0,7,21,0,0,22,282,0,90,1,5,0.105527638190955,91,163,11,6,130,96,20,9,0,1846,878,184,792,1758,0.2540625,4.4825,93,52,11,958,81,57,120,2
schumha02,N,100,181,23,4,15,102,0,0,32,196,0,28,0,18,0.202008928571429,154,646,24,34,158,121,138,27,7,2424,926,139,902,906,0.260769230769231,3.96307692307692,54,24,0,1080,0,0,0,1
scottmi03,N,33,81,14,0,2,45,2,1,27,279,0,59,4,9,0.124042879019908,156,299,23,12,124,108,45,22,3,1858,813,173,627,1469,0.263153846153846,4.5,39,33,19,908,100,65,122,5
seaveto01,Y,99,202,28,5,12,86,4,0,108,485,0,121,4,22,0.15361216730038,328,692,42,54,311,205,231,61,1,3971,1521,380,1390,3640,0.2285,3.03681818181818,126,76,8,1674,141,96,207,10
sewelri01,N,81,152,22,3,6,59,12,0,37,154,0,19,0,20,0.202666666666667,142,445,28,27,143,97,137,20,15,2101,819,116,748,636,0.264615384615385,4.25615384615385,30,23,2,983,0,0,0,3
shantbo01,N,60,107,20,2,1,46,3,2,47,96,0,44,1,4,0.195255474452555,175,468,16,48,119,99,78,15,48,1795,726,151,643,1072,0.243684210526316,3.50631578947368,29,41,6,817,0,0,0,11
sherdbi01,N,96,214,35,5,9,86,2,1,63,96,0,44,0,0,0.222916666666667,82,540,29,25,165,146,159,11,26,3018,1120,149,661,839,0.287058823529412,3.62176470588235,26,54,3,1326,0,0,0,1
shockur01,N,89,167,23,3,1,70,1,3,139,211,0,98,0,0,0.209273182957393,155,599,15,22,187,117,200,28,25,2709,945,126,657,983,0.266153846153846,2.80307692307692,20,37,3,1127,0,0,0,4
sislege01,Y,1284,2812,425,164,102,1175,375,127,472,327,0,226,0,0,0.340147574694569,18914,1573,274,1472,5,6,9,1,3,91,29,0,52,63,0.124285714285714,1.19,2,6,1,36,0,0,0,16
smithle02,N,2,3,0,0,1,2,0,0,3,42,0,4,0,0,0.046875,52,111,4,9,71,92,0,0,478,1133,434,89,486,1251,0.235190476190476,3.00285714285714,47,10,4,475,63,38,77,7
smoltjo01,Y,77,151,26,2,5,61,3,2,79,365,0,136,1,15,0.159282700421941,320,433,28,30,213,155,53,16,154,3074,1284,288,1010,3084,0.240681818181818,3.51,145,57,16,1391,139,87,244,10
spahnwa01,Y,141,363,57,6,35,189,4,2,94,487,0,68,14,23,0.193910256410256,222,999,58,82,363,245,382,63,29,4830,1798,434,1434,2583,0.245909090909091,3.27772727272727,81,42,5,2016,0,0,0,16
speaktr01,Y,1882,3514,792,222,117,1529,432,129,1381,323,0,309,0,0,0.344678764100049,6935,462,224,159,0,0,0,0,0,2,1,0,0,0,0.5,9,0,0,0,1,0,0,0,27
stewada01,N,5,10,1,1,0,4,0,0,3,17,0,6,0,0,0.196078431372549,197,232,26,21,168,129,55,9,19,2499,1154,264,1034,1741,0.252526315789474,4.04842105263158,119,62,23,1259,93,94,172,6
stiebda01,N,2,0,0,0,0,0,0,0,0,0,0,0,0,0,0,272,493,22,45,176,137,103,30,3,2572,1106,225,1034,1669,0.2473125,3.7525,51,129,14,1225,98,70,235,2
stonest01,N,9,22,2,0,0,7,0,0,11,92,0,22,0,2,0.100456621004566,125,254,22,13,107,93,43,7,1,1707,788,184,716,1065,0.252636363636364,4.00181818181818,31,40,5,880,87,39,93,3
stottme01,N,54,120,14,6,7,57,0,2,47,270,0,42,4,14,0.160213618157543,242,570,26,38,164,139,152,40,1,2435,878,171,809,1257,0.241545454545455,2.95909090909091,57,44,1,1003,40,31,48,1
stottto01,N,23,50,7,1,1,11,1,1,28,93,0,26,0,1,0.206611570247934,166,261,18,19,138,121,25,6,1,2200,1042,246,816,1587,0.2676,4.52733333333333,64,83,10,1130,61,78,138,2
sutclri01,N,42,102,22,1,4,55,4,0,34,143,0,54,5,15,0.181494661921708,211,404,17,25,171,139,72,18,6,2662,1223,236,1081,1679,0.259578947368421,3.88947368421053,100,46,38,1324,110,89,185,8
suttebr01,Y,6,9,0,0,0,6,1,0,7,50,0,10,1,1,0.0882352941176471,90,145,9,9,68,71,0,0,300,879,328,77,309,861,0.232166666666667,3.08,37,13,8,370,75,25,85,10
suttodo01,Y,64,195,15,1,0,64,1,0,60,365,0,136,3,29,0.144017725258493,334,613,31,42,324,256,178,58,5,4692,1914,472,1343,3574,0.23764,3.3092,112,82,21,2104,168,105,190,3
tananfr01,N,3,9,1,1,0,5,0,1,2,12,0,3,0,0,0.152542372881356,226,638,19,40,240,236,143,34,1,4063,1704,448,1255,2773,0.253434782608696,3.75521739130435,119,129,27,1910,165,117,309,2
tennefr02,N,1278,2231,270,77,22,688,285,0,874,484,0,277,0,0,0.293745885450955,18278,1452,361,965,0,0,0,0,0,5,1,0,1,0,,4.5,1,0,0,4,0,0,0,1
tiantlu01,N,36,84,14,1,5,44,1,1,13,146,0,41,2,10,0.16374269005848,221,389,35,31,229,172,187,49,15,3075,1280,346,1104,2416,0.238052631578947,3.52736842105263,27,49,4,1400,76,55,119,1
timlimi01,N,0,0,0,0,0,0,0,0,0,4,0,0,0,0,0,101,188,14,14,75,73,0,0,141,1168,486,118,377,872,0.256142857142857,3.72238095238095,31,47,3,533,58,32,122,1
troutdi01,N,99,205,28,7,20,110,7,2,59,226,0,26,0,18,0.213319458896982,193,645,50,63,170,161,158,28,35,2641,979,112,1046,1256,0.290625,8.4,50,34,7,1166,0,0,0,3
tudorjo01,N,22,59,7,2,0,18,1,1,17,120,0,41,1,3,0.153645833333333,85,321,11,27,117,72,50,16,1,1677,623,156,475,988,0.262153846153846,3.38076923076923,18,29,10,700,69,45,137,1
turneji01,N,32,87,16,1,1,22,0,1,8,39,0,17,0,7,0.218045112781955,55,269,12,18,69,60,69,8,20,1123,405,67,283,329,0.253,3.884,6,10,0,482,0,0,0,2
uhlege01,N,172,393,60,21,9,187,6,8,98,112,0,36,0,0,0.288970588235294,175,624,33,42,200,166,232,21,25,3417,1384,119,966,1135,0.302105263157895,6.01578947368421,55,113,5,1635,0,0,0,5
valenfe01,N,56,187,26,1,10,84,0,2,8,145,0,93,6,12,0.199786324786325,202,586,30,31,173,153,113,31,2,2718,1154,226,1151,2074,0.257944444444444,4.05333333333333,119,25,11,1303,182,69,209,9
vanceda01,Y,68,146,23,1,7,75,1,0,79,287,0,55,0,4,0.150360453141092,126,570,18,29,197,140,216,29,11,2809,1068,132,840,2045,0.286111111111111,4.65944444444444,37,77,2,1246,0,0,0,11
vandejo01,N,58,104,12,2,1,26,1,0,41,201,0,60,0,8,0.151824817518248,82,404,29,30,119,121,131,29,2,1799,805,100,1132,1294,0.248461538461538,4.70538461538462,37,21,3,915,0,0,0,6
venturo01,N,1006,1885,338,14,294,1182,24,38,1075,1179,132,33,76,176,0.266845979614949,2215,3616,227,430,0,0,0,0,0,1,0,0,0,0,0.25,0,0,0,0,0,0,0,0,6
violafr01,N,8,26,3,0,0,6,0,0,3,41,0,22,0,2,0.140540540540541,84,371,32,19,176,150,74,16,0,2827,1175,294,864,1844,0.2715625,4.1925,86,48,12,1303,88,63,215,6
vuckope01,N,15,33,7,0,0,13,1,0,3,49,0,24,2,3,0.158653846153846,87,222,21,15,93,69,38,8,10,1454,592,107,545,882,0.276818181818182,4.64363636363636,46,35,10,665,67,41,125,1
wadderu01,Y,61,172,29,10,4,83,6,0,42,300,0,23,0,0,0.161350844277674,176,740,91,17,193,143,261,50,5,2460,711,37,803,2316,,2.90142857142857,74,115,3,1063,0,0,0,2
wagnebi02,N,1,2,0,0,0,1,0,0,1,12,0,0,0,0,0.1,33,86,5,2,47,40,0,0,422,601,232,82,300,1196,0.166588235294118,2.19294117647059,43,33,1,262,33,14,51,1
wagneho01,N,1739,3420,643,252,101,1733,723,15,963,735,0,221,0,0,0.32761758789156,7940,6782,828,963,0,0,0,0,0,7,0,0,6,6,,0,3,0,0,5,0,0,0,12
wakefti01,N,4,13,2,0,1,4,0,0,3,47,0,15,0,0,0.117117117117117,227,329,30,29,200,180,33,6,22,3152,1582,418,1205,2156,0.254315789473684,4.40105263157895,134,186,8,1791,51,109,232,1
walberu01,N,78,162,26,5,4,84,2,1,48,179,0,52,0,0,0.179005524861878,113,558,37,18,155,141,140,15,32,2795,1223,163,1031,1085,0.2725,4.614375,40,27,2,1423,0,0,0,1
wallabo01,Y,1057,2309,391,143,34,1121,201,2,774,496,0,173,0,0,0.267927593409144,4918,7465,814,722,24,22,37,3,1,469,173,6,156,120,,3.155,16,13,0,268,0,0,0,2
wallati01,N,908,2085,432,36,260,1125,51,66,649,1307,89,6,77,192,0.25743919002346,2543,4065,247,373,0,0,0,0,0,3,1,0,0,0,0.4165,4.5,0,0,1,1,0,0,2,7
walshed01,Y,93,210,38,10,3,68,14,0,46,212,0,30,0,0,0.193014705882353,237,1208,57,32,195,126,250,57,35,2346,598,23,617,1736,0.242857142857143,2.11785714285714,84,53,14,873,0,0,0,8
waltebu01,N,227,477,99,16,23,234,12,1,114,303,0,64,0,34,0.242624618514751,364,1135,63,119,198,160,242,42,4,2990,1139,154,1121,1107,0.260588235294118,3.51235294117647,63,51,6,1343,0,0,0,11
warnelo01,N,87,215,26,2,4,97,1,0,52,148,0,62,0,31,0.223492723492724,126,538,8,31,192,121,192,30,13,2726,984,175,739,1140,0.258125,5.138125,50,27,1,1164,0,0,0,9
welchbo01,N,26,88,7,1,2,30,0,1,22,171,0,59,2,4,0.151202749140893,243,394,26,30,211,146,61,28,8,2894,1191,267,1034,1969,0.250941176470588,3.59647058823529,55,79,45,1310,122,83,209,3
wellsda01,N,8,23,2,0,0,5,0,0,3,59,0,18,0,1,0.129213483146067,149,451,30,25,239,157,54,12,13,3635,1578,407,719,2201,0.274458333333333,4.14541666666667,101,83,17,1702,106,84,266,3
wettejo01,N,4,7,2,0,1,8,0,0,0,19,0,9,0,0,0.166666666666667,27,60,12,2,48,45,0,0,330,616,249,73,252,804,0.2155,2.77583333333333,40,16,1,287,30,26,38,3
whiteea01,N,107,264,23,7,4,98,3,0,97,216,0,57,0,1,0.204492641363284,166,701,47,31,218,185,226,16,11,3917,1726,192,1431,1350,0.273529411764706,4.38764705882353,43,101,6,2018,0,0,0,2
willite01,Y,1798,2654,525,71,521,1839,24,17,2021,709,86,5,20,197,0.344406955618998,4158,142,113,30,0,0,0,0,0,3,1,0,0,1,0.33,4.5,0,0,0,1,0,0,0,39
willivi01,Y,107,248,19,4,1,84,3,0,81,199,0,41,0,0,0.166108506363027,389,1131,72,30,249,205,388,50,11,3621,1167,66,1212,1651,,2.68153846153846,94,156,6,1620,0,0,0,1
woodjo02,N,266,553,118,31,23,325,23,3,208,216,0,96,0,0,0.283299180327869,911,518,56,30,117,57,121,28,11,1138,324,10,421,989,0.2275,3.86636363636364,43,49,0,497,0,0,0,3
woodke02,N,23,59,6,0,7,32,0,0,11,114,0,46,1,1,0.170520231213873,73,123,9,13,86,75,11,5,63,1083,563,148,666,1582,0.223066666666667,3.99866666666667,64,99,6,599,54,43,83,1
woodwi01,N,11,27,2,0,0,13,1,0,20,189,0,38,0,7,0.0838509316770186,84,523,14,26,164,156,114,24,57,2582,965,209,724,1411,0.260611111111111,4.18,72,63,6,1130,105,53,114,3
worreto01,N,1,2,0,1,0,0,0,0,1,20,0,2,0,1,0.0740740740740741,30,82,4,9,50,52,0,0,256,608,238,65,247,628,0.236818181818182,3.30818181818182,23,7,7,264,29,28,42,3
wyattwh01,N,53,133,26,2,7,69,0,0,26,111,0,34,0,20,0.219110378912685,74,316,18,15,106,95,97,17,13,1684,741,98,642,872,0.268823529411765,4.54058823529412,24,33,2,860,0,0,0,5
wynnea01,Y,136,365,59,5,17,173,1,0,141,330,0,52,4,33,0.214201877934272,193,670,29,47,300,244,290,49,15,4291,1796,338,1775,2334,0.247826086956522,3.57086956521739,51,64,2,2037,0,0,0,4
youngcy01,Y,325,623,87,35,18,290,29,0,81,381,0,50,0,0,0.210472972972973,251,2015,148,41,511,315,749,76,18,7092,2147,138,1217,2803,0.275,2.71304347826087,156,161,3,3167,0,0,0,3
zachrpa01,N,9,36,0,0,0,6,0,0,14,128,0,33,2,11,0.113207547169811,60,176,13,19,69,67,29,7,3,1147,461,88,495,669,0.264545454545455,3.65636363636364,19,21,10,529,57,43,79,1
zahnge01,N,3,6,0,0,0,1,0,0,0,9,0,10,0,1,0.13953488372093,87,326,24,19,111,109,79,20,1,1978,769,149,526,705,0.272357142857143,4.44928571428571,32,19,4,889,81,56,249,1
zambrca01,N,75,165,26,3,24,71,1,0,10,240,0,37,4,14,0.238095238095238,168,290,25,29,132,91,10,5,0,1709,797,161,898,1637,0.247333333333333,4.64333333333333,58,102,5,879,100,44,174,3
